The target system is: Generic -  - 
The host system is: Linux - 6.18.33.2-microsoft-standard-WSL2 - x86_64
Compiling the C compiler identification source file "CMakeCCompilerId.c" succeeded.
Compiler: /home/aamir/.espressif/tools/xtensa-esp-elf/esp-15.2.0_20251204/xtensa-esp-elf/bin/xtensa-esp32-elf-gcc 
Build flags: 
Id flags:  

The output was:
0


Compilation of the C compiler identification source "CMakeCCompilerId.c" produced "a.out"

The C compiler identification is GNU, found in "/home/aamir/Projects/thermostat/build/bootloader/CMakeFiles/3.22.1/CompilerIdC/a.out"

Compiling the CXX compiler identification source file "CMakeCXXCompilerId.cpp" succeeded.
Compiler: /home/aamir/.espressif/tools/xtensa-esp-elf/esp-15.2.0_20251204/xtensa-esp-elf/bin/xtensa-esp32-elf-g++ 
Build flags: 
Id flags:  

The output was:
0


Compilation of the CXX compiler identification source "CMakeCXXCompilerId.cpp" produced "a.out"

The CXX compiler identification is GNU, found in "/home/aamir/Projects/thermostat/build/bootloader/CMakeFiles/3.22.1/CompilerIdCXX/a.out"

Checking whether the ASM compiler is GNU using "--version" matched "(GNU assembler)|(GCC)|(Free Software Foundation)":
xtensa-esp-elf-gcc (crosstool-NG esp-15.2.0_20251204) 15.2.0
Copyright (C) 2025 Free Software Foundation, Inc.
This is free software; see the source for copying conditions.  There is NO
warranty; not even for MERCHANTABILITY or FITNESS FOR A PARTICULAR PURPOSE.

Detecting C compiler ABI info compiled with the following output:
Change Dir: /home/aamir/Projects/thermostat/build/bootloader/CMakeFiles/CMakeTmp

Run Build Command(s):/home/aamir/.espressif/tools/ninja/1.12.1/ninja cmTC_4aaa5 && [1/2] Building C object CMakeFiles/cmTC_4aaa5.dir/CMakeCCompilerABI.c.obj
Using built-in specs.
COLLECT_GCC=/home/aamir/.espressif/tools/xtensa-esp-elf/esp-15.2.0_20251204/xtensa-esp-elf/bin/xtensa-esp-elf-gcc
Target: xtensa-esp-elf
Configured with: /builds/idf/crosstool-NG/.build/xtensa-esp-elf/src/gcc/configure --build=x86_64-build_pc-linux-gnu --host=x86_64-build_pc-linux-gnu --target=xtensa-esp-elf --prefix=/builds/idf/crosstool-NG/builds/xtensa-esp-elf --exec_prefix=/builds/idf/crosstool-NG/builds/xtensa-esp-elf --with-local-prefix=/builds/idf/crosstool-NG/builds/xtensa-esp-elf/xtensa-esp-elf --with-sysroot=/builds/idf/crosstool-NG/builds/xtensa-esp-elf/xtensa-esp-elf --with-native-system-header-dir=/include --with-headers=/builds/idf/crosstool-NG/builds/xtensa-esp-elf/xtensa-esp-elf/include --with-newlib --enable-threads=no --disable-shared --with-pkgversion='crosstool-NG esp-15.2.0_20251204' --disable-__cxa_atexit --enable-cxx-flags='-ffunction-sections -fdata-sections' --disable-libgomp --disable-libmudflap --disable-libmpx --disable-libssp --disable-libquadmath --disable-libquadmath-support --disable-libstdcxx-verbose --with-gmp=/builds/idf/crosstool-NG/.build/xtensa-esp-elf/buildtools --with-mpfr=/builds/idf/crosstool-NG/.build/xtensa-esp-elf/buildtools --with-mpc=/builds/idf/crosstool-NG/.build/xtensa-esp-elf/buildtools --with-isl=/builds/idf/crosstool-NG/.build/xtensa-esp-elf/buildtools --enable-lto --enable-target-optspace --without-long-double-128 --enable-plugin --disable-nls --enable-multiarch --enable-languages=c,c++ --disable-libstdcxx-verbose --enable-threads=posix --enable-libstdcxx-time=yes --disable-win32-utf8-manifest
Thread model: posix
Supported LTO compression algorithms: zlib zstd
gcc version 15.2.0 (crosstool-NG esp-15.2.0_20251204) 
COLLECT_GCC_OPTIONS='-mdynconfig=xtensa_esp32.so' '-v' '-o' 'CMakeFiles/cmTC_4aaa5.dir/CMakeCCompilerABI.c.obj' '-c' '-dumpdir' 'CMakeFiles/cmTC_4aaa5.dir/'
 /home/aamir/.espressif/tools/xtensa-esp-elf/esp-15.2.0_20251204/xtensa-esp-elf/bin/../libexec/gcc/xtensa-esp-elf/15.2.0/cc1 -quiet -v -imultilib esp32 -iprefix /home/aamir/.espressif/tools/xtensa-esp-elf/esp-15.2.0_20251204/xtensa-esp-elf/bin/../lib/gcc/xtensa-esp-elf/15.2.0/ -isysroot /home/aamir/.espressif/tools/xtensa-esp-elf/esp-15.2.0_20251204/xtensa-esp-elf/bin/../xtensa-esp-elf /usr/share/cmake-3.22/Modules/CMakeCCompilerABI.c -quiet -dumpdir CMakeFiles/cmTC_4aaa5.dir/ -dumpbase CMakeCCompilerABI.c.c -dumpbase-ext .c -mdynconfig=xtensa_esp32.so -version -o /tmp/cc6VnFq9.s
GNU C23 (crosstool-NG esp-15.2.0_20251204) version 15.2.0 (xtensa-esp-elf)
	compiled by GNU C version 6.3.0, GMP version 6.3.0, MPFR version 4.2.1, MPC version 1.3.1, isl version isl-0.26-GMP

GGC heuristics: --param ggc-min-expand=100 --param ggc-min-heapsize=131072
ignoring duplicate directory "/home/aamir/.espressif/tools/xtensa-esp-elf/esp-15.2.0_20251204/xtensa-esp-elf/bin/../lib/gcc/../../lib/gcc/xtensa-esp-elf/15.2.0/include"
ignoring nonexistent directory "/home/aamir/.espressif/tools/xtensa-esp-elf/esp-15.2.0_20251204/xtensa-esp-elf/bin/../xtensa-esp-elf/builds/idf/crosstool-NG/builds/xtensa-esp-elf/xtensa-esp-elf/include"
ignoring duplicate directory "/home/aamir/.espressif/tools/xtensa-esp-elf/esp-15.2.0_20251204/xtensa-esp-elf/bin/../lib/gcc/../../lib/gcc/xtensa-esp-elf/15.2.0/include-fixed"
ignoring duplicate directory "/home/aamir/.espressif/tools/xtensa-esp-elf/esp-15.2.0_20251204/xtensa-esp-elf/bin/../lib/gcc/../../lib/gcc/xtensa-esp-elf/15.2.0/../../../../xtensa-esp-elf/include"
ignoring duplicate directory "/home/aamir/.espressif/tools/xtensa-esp-elf/esp-15.2.0_20251204/xtensa-esp-elf/bin/../xtensa-esp-elf/include"
#include "..." search starts here:
#include <...> search starts here:
 /home/aamir/.espressif/tools/xtensa-esp-elf/esp-15.2.0_20251204/xtensa-esp-elf/bin/../lib/gcc/xtensa-esp-elf/15.2.0/include
 /home/aamir/.espressif/tools/xtensa-esp-elf/esp-15.2.0_20251204/xtensa-esp-elf/bin/../lib/gcc/xtensa-esp-elf/15.2.0/include-fixed
 /home/aamir/.espressif/tools/xtensa-esp-elf/esp-15.2.0_20251204/xtensa-esp-elf/bin/../lib/gcc/xtensa-esp-elf/15.2.0/../../../../xtensa-esp-elf/include
End of search list.
Compiler executable checksum: 023236c824ceaa5629805e8d1b1d2049
COLLECT_GCC_OPTIONS='-mdynconfig=xtensa_esp32.so' '-v' '-o' 'CMakeFiles/cmTC_4aaa5.dir/CMakeCCompilerABI.c.obj' '-c' '-dumpdir' 'CMakeFiles/cmTC_4aaa5.dir/'
 /home/aamir/.espressif/tools/xtensa-esp-elf/esp-15.2.0_20251204/xtensa-esp-elf/bin/../lib/gcc/xtensa-esp-elf/15.2.0/../../../../xtensa-esp-elf/bin/as --traditional-format --dynconfig=xtensa_esp32.so -o CMakeFiles/cmTC_4aaa5.dir/CMakeCCompilerABI.c.obj /tmp/cc6VnFq9.s
COMPILER_PATH=/home/aamir/.espressif/tools/xtensa-esp-elf/esp-15.2.0_20251204/xtensa-esp-elf/bin/../libexec/gcc/xtensa-esp-elf/15.2.0/:/home/aamir/.espressif/tools/xtensa-esp-elf/esp-15.2.0_20251204/xtensa-esp-elf/bin/../libexec/gcc/:/home/aamir/.espressif/tools/xtensa-esp-elf/esp-15.2.0_20251204/xtensa-esp-elf/bin/../lib/gcc/xtensa-esp-elf/15.2.0/../../../../xtensa-esp-elf/bin/
LIBRARY_PATH=/home/aamir/.espressif/tools/xtensa-esp-elf/esp-15.2.0_20251204/xtensa-esp-elf/bin/../lib/gcc/xtensa-esp-elf/15.2.0/esp32/:/home/aamir/.espressif/tools/xtensa-esp-elf/esp-15.2.0_20251204/xtensa-esp-elf/bin/../lib/gcc/xtensa-esp-elf/15.2.0/../../../../xtensa-esp-elf/lib/esp32/:/home/aamir/.espressif/tools/xtensa-esp-elf/esp-15.2.0_20251204/xtensa-esp-elf/bin/../xtensa-esp-elf/lib/esp32/:/home/aamir/.espressif/tools/xtensa-esp-elf/esp-15.2.0_20251204/xtensa-esp-elf/bin/../lib/gcc/xtensa-esp-elf/15.2.0/:/home/aamir/.espressif/tools/xtensa-esp-elf/esp-15.2.0_20251204/xtensa-esp-elf/bin/../lib/gcc/:/home/aamir/.espressif/tools/xtensa-esp-elf/esp-15.2.0_20251204/xtensa-esp-elf/bin/../lib/gcc/xtensa-esp-elf/15.2.0/../../../../xtensa-esp-elf/lib/:/home/aamir/.espressif/tools/xtensa-esp-elf/esp-15.2.0_20251204/xtensa-esp-elf/bin/../xtensa-esp-elf/lib/:/home/aamir/.espressif/tools/xtensa-esp-elf/esp-15.2.0_20251204/xtensa-esp-elf/bin/../xtensa-esp-elf/usr/lib/
COLLECT_GCC_OPTIONS='-mdynconfig=xtensa_esp32.so' '-v' '-o' 'CMakeFiles/cmTC_4aaa5.dir/CMakeCCompilerABI.c.obj' '-c' '-dumpdir' 'CMakeFiles/cmTC_4aaa5.dir/CMakeCCompilerABI.c.'
[2/2] Linking C executable cmTC_4aaa5
Using built-in specs.
COLLECT_GCC=/home/aamir/.espressif/tools/xtensa-esp-elf/esp-15.2.0_20251204/xtensa-esp-elf/bin/xtensa-esp-elf-gcc
COLLECT_LTO_WRAPPER=/home/aamir/.espressif/tools/xtensa-esp-elf/esp-15.2.0_20251204/xtensa-esp-elf/bin/../libexec/gcc/xtensa-esp-elf/15.2.0/lto-wrapper
Target: xtensa-esp-elf
Configured with: /builds/idf/crosstool-NG/.build/xtensa-esp-elf/src/gcc/configure --build=x86_64-build_pc-linux-gnu --host=x86_64-build_pc-linux-gnu --target=xtensa-esp-elf --prefix=/builds/idf/crosstool-NG/builds/xtensa-esp-elf --exec_prefix=/builds/idf/crosstool-NG/builds/xtensa-esp-elf --with-local-prefix=/builds/idf/crosstool-NG/builds/xtensa-esp-elf/xtensa-esp-elf --with-sysroot=/builds/idf/crosstool-NG/builds/xtensa-esp-elf/xtensa-esp-elf --with-native-system-header-dir=/include --with-headers=/builds/idf/crosstool-NG/builds/xtensa-esp-elf/xtensa-esp-elf/include --with-newlib --enable-threads=no --disable-shared --with-pkgversion='crosstool-NG esp-15.2.0_20251204' --disable-__cxa_atexit --enable-cxx-flags='-ffunction-sections -fdata-sections' --disable-libgomp --disable-libmudflap --disable-libmpx --disable-libssp --disable-libquadmath --disable-libquadmath-support --disable-libstdcxx-verbose --with-gmp=/builds/idf/crosstool-NG/.build/xtensa-esp-elf/buildtools --with-mpfr=/builds/idf/crosstool-NG/.build/xtensa-esp-elf/buildtools --with-mpc=/builds/idf/crosstool-NG/.build/xtensa-esp-elf/buildtools --with-isl=/builds/idf/crosstool-NG/.build/xtensa-esp-elf/buildtools --enable-lto --enable-target-optspace --without-long-double-128 --enable-plugin --disable-nls --enable-multiarch --enable-languages=c,c++ --disable-libstdcxx-verbose --enable-threads=posix --enable-libstdcxx-time=yes --disable-win32-utf8-manifest
Thread model: posix
Supported LTO compression algorithms: zlib zstd
gcc version 15.2.0 (crosstool-NG esp-15.2.0_20251204) 
COMPILER_PATH=/home/aamir/.espressif/tools/xtensa-esp-elf/esp-15.2.0_20251204/xtensa-esp-elf/bin/../libexec/gcc/xtensa-esp-elf/15.2.0/:/home/aamir/.espressif/tools/xtensa-esp-elf/esp-15.2.0_20251204/xtensa-esp-elf/bin/../libexec/gcc/:/home/aamir/.espressif/tools/xtensa-esp-elf/esp-15.2.0_20251204/xtensa-esp-elf/bin/../lib/gcc/xtensa-esp-elf/15.2.0/../../../../xtensa-esp-elf/bin/
LIBRARY_PATH=/home/aamir/.espressif/tools/xtensa-esp-elf/esp-15.2.0_20251204/xtensa-esp-elf/bin/../lib/gcc/xtensa-esp-elf/15.2.0/esp32/:/home/aamir/.espressif/tools/xtensa-esp-elf/esp-15.2.0_20251204/xtensa-esp-elf/bin/../lib/gcc/xtensa-esp-elf/15.2.0/../../../../xtensa-esp-elf/lib/esp32/:/home/aamir/.espressif/tools/xtensa-esp-elf/esp-15.2.0_20251204/xtensa-esp-elf/bin/../xtensa-esp-elf/lib/esp32/:/home/aamir/.espressif/tools/xtensa-esp-elf/esp-15.2.0_20251204/xtensa-esp-elf/bin/../lib/gcc/xtensa-esp-elf/15.2.0/:/home/aamir/.espressif/tools/xtensa-esp-elf/esp-15.2.0_20251204/xtensa-esp-elf/bin/../lib/gcc/:/home/aamir/.espressif/tools/xtensa-esp-elf/esp-15.2.0_20251204/xtensa-esp-elf/bin/../lib/gcc/xtensa-esp-elf/15.2.0/../../../../xtensa-esp-elf/lib/:/home/aamir/.espressif/tools/xtensa-esp-elf/esp-15.2.0_20251204/xtensa-esp-elf/bin/../xtensa-esp-elf/lib/:/home/aamir/.espressif/tools/xtensa-esp-elf/esp-15.2.0_20251204/xtensa-esp-elf/bin/../xtensa-esp-elf/usr/lib/
COLLECT_GCC_OPTIONS='-mdynconfig=xtensa_esp32.so' '-v' '-o' 'cmTC_4aaa5' '-dumpdir' 'cmTC_4aaa5.'
 /home/aamir/.espressif/tools/xtensa-esp-elf/esp-15.2.0_20251204/xtensa-esp-elf/bin/../libexec/gcc/xtensa-esp-elf/15.2.0/collect2 -plugin /home/aamir/.espressif/tools/xtensa-esp-elf/esp-15.2.0_20251204/xtensa-esp-elf/bin/../libexec/gcc/xtensa-esp-elf/15.2.0/liblto_plugin.so -plugin-opt=/home/aamir/.espressif/tools/xtensa-esp-elf/esp-15.2.0_20251204/xtensa-esp-elf/bin/../libexec/gcc/xtensa-esp-elf/15.2.0/lto-wrapper -plugin-opt=-fresolution=/tmp/ccPqMvsP.res -plugin-opt=-pass-through=-lgcc -plugin-opt=-pass-through=-lc -plugin-opt=-pass-through=-lnosys -plugin-opt=-pass-through=-lc -plugin-opt=-pass-through=-lgcc --sysroot=/home/aamir/.espressif/tools/xtensa-esp-elf/esp-15.2.0_20251204/xtensa-esp-elf/bin/../xtensa-esp-elf --dynconfig=xtensa_esp32.so -o cmTC_4aaa5 /home/aamir/.espressif/tools/xtensa-esp-elf/esp-15.2.0_20251204/xtensa-esp-elf/bin/../lib/gcc/xtensa-esp-elf/15.2.0/../../../../xtensa-esp-elf/lib/esp32/crt0.o /home/aamir/.espressif/tools/xtensa-esp-elf/esp-15.2.0_20251204/xtensa-esp-elf/bin/../lib/gcc/xtensa-esp-elf/15.2.0/esp32/crti.o /home/aamir/.espressif/tools/xtensa-esp-elf/esp-15.2.0_20251204/xtensa-esp-elf/bin/../lib/gcc/xtensa-esp-elf/15.2.0/esp32/crtbegin.o -L/home/aamir/.espressif/tools/xtensa-esp-elf/esp-15.2.0_20251204/xtensa-esp-elf/bin/../lib/gcc/xtensa-esp-elf/15.2.0/esp32 -L/home/aamir/.espressif/tools/xtensa-esp-elf/esp-15.2.0_20251204/xtensa-esp-elf/bin/../lib/gcc/xtensa-esp-elf/15.2.0/../../../../xtensa-esp-elf/lib/esp32 -L/home/aamir/.espressif/tools/xtensa-esp-elf/esp-15.2.0_20251204/xtensa-esp-elf/bin/../xtensa-esp-elf/lib/esp32 -L/home/aamir/.espressif/tools/xtensa-esp-elf/esp-15.2.0_20251204/xtensa-esp-elf/bin/../lib/gcc/xtensa-esp-elf/15.2.0 -L/home/aamir/.espressif/tools/xtensa-esp-elf/esp-15.2.0_20251204/xtensa-esp-elf/bin/../lib/gcc -L/home/aamir/.espressif/tools/xtensa-esp-elf/esp-15.2.0_20251204/xtensa-esp-elf/bin/../lib/gcc/xtensa-esp-elf/15.2.0/../../../../xtensa-esp-elf/lib -L/home/aamir/.espressif/tools/xtensa-esp-elf/esp-15.2.0_20251204/xtensa-esp-elf/bin/../xtensa-esp-elf/lib -L/home/aamir/.espressif/tools/xtensa-esp-elf/esp-15.2.0_20251204/xtensa-esp-elf/bin/../xtensa-esp-elf/usr/lib @/tmp/ccN4TYuV -lgcc -lc -lnosys -lc -lgcc /home/aamir/.espressif/tools/xtensa-esp-elf/esp-15.2.0_20251204/xtensa-esp-elf/bin/../lib/gcc/xtensa-esp-elf/15.2.0/esp32/crtend.o /home/aamir/.espressif/tools/xtensa-esp-elf/esp-15.2.0_20251204/xtensa-esp-elf/bin/../lib/gcc/xtensa-esp-elf/15.2.0/esp32/crtn.o
COLLECT_GCC_OPTIONS='-mdynconfig=xtensa_esp32.so' '-v' '-o' 'cmTC_4aaa5' '-dumpdir' 'cmTC_4aaa5.'



Parsed C implicit include dir info from above output: rv=done
  found start of include info
  found start of implicit include info
    add: [/home/aamir/.espressif/tools/xtensa-esp-elf/esp-15.2.0_20251204/xtensa-esp-elf/bin/../lib/gcc/xtensa-esp-elf/15.2.0/include]
    add: [/home/aamir/.espressif/tools/xtensa-esp-elf/esp-15.2.0_20251204/xtensa-esp-elf/bin/../lib/gcc/xtensa-esp-elf/15.2.0/include-fixed]
    add: [/home/aamir/.espressif/tools/xtensa-esp-elf/esp-15.2.0_20251204/xtensa-esp-elf/bin/../lib/gcc/xtensa-esp-elf/15.2.0/../../../../xtensa-esp-elf/include]
  end of search list found
  collapse include dir [/home/aamir/.espressif/tools/xtensa-esp-elf/esp-15.2.0_20251204/xtensa-esp-elf/bin/../lib/gcc/xtensa-esp-elf/15.2.0/include] ==> [/home/aamir/.espressif/tools/xtensa-esp-elf/esp-15.2.0_20251204/xtensa-esp-elf/lib/gcc/xtensa-esp-elf/15.2.0/include]
  collapse include dir [/home/aamir/.espressif/tools/xtensa-esp-elf/esp-15.2.0_20251204/xtensa-esp-elf/bin/../lib/gcc/xtensa-esp-elf/15.2.0/include-fixed] ==> [/home/aamir/.espressif/tools/xtensa-esp-elf/esp-15.2.0_20251204/xtensa-esp-elf/lib/gcc/xtensa-esp-elf/15.2.0/include-fixed]
  collapse include dir [/home/aamir/.espressif/tools/xtensa-esp-elf/esp-15.2.0_20251204/xtensa-esp-elf/bin/../lib/gcc/xtensa-esp-elf/15.2.0/../../../../xtensa-esp-elf/include] ==> [/home/aamir/.espressif/tools/xtensa-esp-elf/esp-15.2.0_20251204/xtensa-esp-elf/xtensa-esp-elf/include]
  implicit include dirs: [/home/aamir/.espressif/tools/xtensa-esp-elf/esp-15.2.0_20251204/xtensa-esp-elf/lib/gcc/xtensa-esp-elf/15.2.0/include;/home/aamir/.espressif/tools/xtensa-esp-elf/esp-15.2.0_20251204/xtensa-esp-elf/lib/gcc/xtensa-esp-elf/15.2.0/include-fixed;/home/aamir/.espressif/tools/xtensa-esp-elf/esp-15.2.0_20251204/xtensa-esp-elf/xtensa-esp-elf/include]


Parsed C implicit link information from above output:
  link line regex: [^( *|.*[/\])(xtensa-esp32-elf-ld|CMAKE_LINK_STARTFILE-NOTFOUND|([^/\]+-)?ld|collect2)[^/\]*( |$)]
  ignore line: [Change Dir: /home/aamir/Projects/thermostat/build/bootloader/CMakeFiles/CMakeTmp]
  ignore line: []
  ignore line: [Run Build Command(s):/home/aamir/.espressif/tools/ninja/1.12.1/ninja cmTC_4aaa5 && [1/2] Building C object CMakeFiles/cmTC_4aaa5.dir/CMakeCCompilerABI.c.obj]
  ignore line: [Using built-in specs.]
  ignore line: [COLLECT_GCC=/home/aamir/.espressif/tools/xtensa-esp-elf/esp-15.2.0_20251204/xtensa-esp-elf/bin/xtensa-esp-elf-gcc]
  ignore line: [Target: xtensa-esp-elf]
  ignore line: [Configured with: /builds/idf/crosstool-NG/.build/xtensa-esp-elf/src/gcc/configure --build=x86_64-build_pc-linux-gnu --host=x86_64-build_pc-linux-gnu --target=xtensa-esp-elf --prefix=/builds/idf/crosstool-NG/builds/xtensa-esp-elf --exec_prefix=/builds/idf/crosstool-NG/builds/xtensa-esp-elf --with-local-prefix=/builds/idf/crosstool-NG/builds/xtensa-esp-elf/xtensa-esp-elf --with-sysroot=/builds/idf/crosstool-NG/builds/xtensa-esp-elf/xtensa-esp-elf --with-native-system-header-dir=/include --with-headers=/builds/idf/crosstool-NG/builds/xtensa-esp-elf/xtensa-esp-elf/include --with-newlib --enable-threads=no --disable-shared --with-pkgversion='crosstool-NG esp-15.2.0_20251204' --disable-__cxa_atexit --enable-cxx-flags='-ffunction-sections -fdata-sections' --disable-libgomp --disable-libmudflap --disable-libmpx --disable-libssp --disable-libquadmath --disable-libquadmath-support --disable-libstdcxx-verbose --with-gmp=/builds/idf/crosstool-NG/.build/xtensa-esp-elf/buildtools --with-mpfr=/builds/idf/crosstool-NG/.build/xtensa-esp-elf/buildtools --with-mpc=/builds/idf/crosstool-NG/.build/xtensa-esp-elf/buildtools --with-isl=/builds/idf/crosstool-NG/.build/xtensa-esp-elf/buildtools --enable-lto --enable-target-optspace --without-long-double-128 --enable-plugin --disable-nls --enable-multiarch --enable-languages=c c++ --disable-libstdcxx-verbose --enable-threads=posix --enable-libstdcxx-time=yes --disable-win32-utf8-manifest]
  ignore line: [Thread model: posix]
  ignore line: [Supported LTO compression algorithms: zlib zstd]
  ignore line: [gcc version 15.2.0 (crosstool-NG esp-15.2.0_20251204) ]
  ignore line: [COLLECT_GCC_OPTIONS='-mdynconfig=xtensa_esp32.so' '-v' '-o' 'CMakeFiles/cmTC_4aaa5.dir/CMakeCCompilerABI.c.obj' '-c' '-dumpdir' 'CMakeFiles/cmTC_4aaa5.dir/']
  ignore line: [ /home/aamir/.espressif/tools/xtensa-esp-elf/esp-15.2.0_20251204/xtensa-esp-elf/bin/../libexec/gcc/xtensa-esp-elf/15.2.0/cc1 -quiet -v -imultilib esp32 -iprefix /home/aamir/.espressif/tools/xtensa-esp-elf/esp-15.2.0_20251204/xtensa-esp-elf/bin/../lib/gcc/xtensa-esp-elf/15.2.0/ -isysroot /home/aamir/.espressif/tools/xtensa-esp-elf/esp-15.2.0_20251204/xtensa-esp-elf/bin/../xtensa-esp-elf /usr/share/cmake-3.22/Modules/CMakeCCompilerABI.c -quiet -dumpdir CMakeFiles/cmTC_4aaa5.dir/ -dumpbase CMakeCCompilerABI.c.c -dumpbase-ext .c -mdynconfig=xtensa_esp32.so -version -o /tmp/cc6VnFq9.s]
  ignore line: [GNU C23 (crosstool-NG esp-15.2.0_20251204) version 15.2.0 (xtensa-esp-elf)]
  ignore line: [	compiled by GNU C version 6.3.0  GMP version 6.3.0  MPFR version 4.2.1  MPC version 1.3.1  isl version isl-0.26-GMP]
  ignore line: []
  ignore line: [GGC heuristics: --param ggc-min-expand=100 --param ggc-min-heapsize=131072]
  ignore line: [ignoring duplicate directory "/home/aamir/.espressif/tools/xtensa-esp-elf/esp-15.2.0_20251204/xtensa-esp-elf/bin/../lib/gcc/../../lib/gcc/xtensa-esp-elf/15.2.0/include"]
  ignore line: [ignoring nonexistent directory "/home/aamir/.espressif/tools/xtensa-esp-elf/esp-15.2.0_20251204/xtensa-esp-elf/bin/../xtensa-esp-elf/builds/idf/crosstool-NG/builds/xtensa-esp-elf/xtensa-esp-elf/include"]
  ignore line: [ignoring duplicate directory "/home/aamir/.espressif/tools/xtensa-esp-elf/esp-15.2.0_20251204/xtensa-esp-elf/bin/../lib/gcc/../../lib/gcc/xtensa-esp-elf/15.2.0/include-fixed"]
  ignore line: [ignoring duplicate directory "/home/aamir/.espressif/tools/xtensa-esp-elf/esp-15.2.0_20251204/xtensa-esp-elf/bin/../lib/gcc/../../lib/gcc/xtensa-esp-elf/15.2.0/../../../../xtensa-esp-elf/include"]
  ignore line: [ignoring duplicate directory "/home/aamir/.espressif/tools/xtensa-esp-elf/esp-15.2.0_20251204/xtensa-esp-elf/bin/../xtensa-esp-elf/include"]
  ignore line: [#include "..." search starts here:]
  ignore line: [#include <...> search starts here:]
  ignore line: [ /home/aamir/.espressif/tools/xtensa-esp-elf/esp-15.2.0_20251204/xtensa-esp-elf/bin/../lib/gcc/xtensa-esp-elf/15.2.0/include]
  ignore line: [ /home/aamir/.espressif/tools/xtensa-esp-elf/esp-15.2.0_20251204/xtensa-esp-elf/bin/../lib/gcc/xtensa-esp-elf/15.2.0/include-fixed]
  ignore line: [ /home/aamir/.espressif/tools/xtensa-esp-elf/esp-15.2.0_20251204/xtensa-esp-elf/bin/../lib/gcc/xtensa-esp-elf/15.2.0/../../../../xtensa-esp-elf/include]
  ignore line: [End of search list.]
  ignore line: [Compiler executable checksum: 023236c824ceaa5629805e8d1b1d2049]
  ignore line: [COLLECT_GCC_OPTIONS='-mdynconfig=xtensa_esp32.so' '-v' '-o' 'CMakeFiles/cmTC_4aaa5.dir/CMakeCCompilerABI.c.obj' '-c' '-dumpdir' 'CMakeFiles/cmTC_4aaa5.dir/']
  ignore line: [ /home/aamir/.espressif/tools/xtensa-esp-elf/esp-15.2.0_20251204/xtensa-esp-elf/bin/../lib/gcc/xtensa-esp-elf/15.2.0/../../../../xtensa-esp-elf/bin/as --traditional-format --dynconfig=xtensa_esp32.so -o CMakeFiles/cmTC_4aaa5.dir/CMakeCCompilerABI.c.obj /tmp/cc6VnFq9.s]
  ignore line: [COMPILER_PATH=/home/aamir/.espressif/tools/xtensa-esp-elf/esp-15.2.0_20251204/xtensa-esp-elf/bin/../libexec/gcc/xtensa-esp-elf/15.2.0/:/home/aamir/.espressif/tools/xtensa-esp-elf/esp-15.2.0_20251204/xtensa-esp-elf/bin/../libexec/gcc/:/home/aamir/.espressif/tools/xtensa-esp-elf/esp-15.2.0_20251204/xtensa-esp-elf/bin/../lib/gcc/xtensa-esp-elf/15.2.0/../../../../xtensa-esp-elf/bin/]
  ignore line: [LIBRARY_PATH=/home/aamir/.espressif/tools/xtensa-esp-elf/esp-15.2.0_20251204/xtensa-esp-elf/bin/../lib/gcc/xtensa-esp-elf/15.2.0/esp32/:/home/aamir/.espressif/tools/xtensa-esp-elf/esp-15.2.0_20251204/xtensa-esp-elf/bin/../lib/gcc/xtensa-esp-elf/15.2.0/../../../../xtensa-esp-elf/lib/esp32/:/home/aamir/.espressif/tools/xtensa-esp-elf/esp-15.2.0_20251204/xtensa-esp-elf/bin/../xtensa-esp-elf/lib/esp32/:/home/aamir/.espressif/tools/xtensa-esp-elf/esp-15.2.0_20251204/xtensa-esp-elf/bin/../lib/gcc/xtensa-esp-elf/15.2.0/:/home/aamir/.espressif/tools/xtensa-esp-elf/esp-15.2.0_20251204/xtensa-esp-elf/bin/../lib/gcc/:/home/aamir/.espressif/tools/xtensa-esp-elf/esp-15.2.0_20251204/xtensa-esp-elf/bin/../lib/gcc/xtensa-esp-elf/15.2.0/../../../../xtensa-esp-elf/lib/:/home/aamir/.espressif/tools/xtensa-esp-elf/esp-15.2.0_20251204/xtensa-esp-elf/bin/../xtensa-esp-elf/lib/:/home/aamir/.espressif/tools/xtensa-esp-elf/esp-15.2.0_20251204/xtensa-esp-elf/bin/../xtensa-esp-elf/usr/lib/]
  ignore line: [COLLECT_GCC_OPTIONS='-mdynconfig=xtensa_esp32.so' '-v' '-o' 'CMakeFiles/cmTC_4aaa5.dir/CMakeCCompilerABI.c.obj' '-c' '-dumpdir' 'CMakeFiles/cmTC_4aaa5.dir/CMakeCCompilerABI.c.']
  ignore line: [[2/2] Linking C executable cmTC_4aaa5]
  ignore line: [Using built-in specs.]
  ignore line: [COLLECT_GCC=/home/aamir/.espressif/tools/xtensa-esp-elf/esp-15.2.0_20251204/xtensa-esp-elf/bin/xtensa-esp-elf-gcc]
  ignore line: [COLLECT_LTO_WRAPPER=/home/aamir/.espressif/tools/xtensa-esp-elf/esp-15.2.0_20251204/xtensa-esp-elf/bin/../libexec/gcc/xtensa-esp-elf/15.2.0/lto-wrapper]
  ignore line: [Target: xtensa-esp-elf]
  ignore line: [Configured with: /builds/idf/crosstool-NG/.build/xtensa-esp-elf/src/gcc/configure --build=x86_64-build_pc-linux-gnu --host=x86_64-build_pc-linux-gnu --target=xtensa-esp-elf --prefix=/builds/idf/crosstool-NG/builds/xtensa-esp-elf --exec_prefix=/builds/idf/crosstool-NG/builds/xtensa-esp-elf --with-local-prefix=/builds/idf/crosstool-NG/builds/xtensa-esp-elf/xtensa-esp-elf --with-sysroot=/builds/idf/crosstool-NG/builds/xtensa-esp-elf/xtensa-esp-elf --with-native-system-header-dir=/include --with-headers=/builds/idf/crosstool-NG/builds/xtensa-esp-elf/xtensa-esp-elf/include --with-newlib --enable-threads=no --disable-shared --with-pkgversion='crosstool-NG esp-15.2.0_20251204' --disable-__cxa_atexit --enable-cxx-flags='-ffunction-sections -fdata-sections' --disable-libgomp --disable-libmudflap --disable-libmpx --disable-libssp --disable-libquadmath --disable-libquadmath-support --disable-libstdcxx-verbose --with-gmp=/builds/idf/crosstool-NG/.build/xtensa-esp-elf/buildtools --with-mpfr=/builds/idf/crosstool-NG/.build/xtensa-esp-elf/buildtools --with-mpc=/builds/idf/crosstool-NG/.build/xtensa-esp-elf/buildtools --with-isl=/builds/idf/crosstool-NG/.build/xtensa-esp-elf/buildtools --enable-lto --enable-target-optspace --without-long-double-128 --enable-plugin --disable-nls --enable-multiarch --enable-languages=c c++ --disable-libstdcxx-verbose --enable-threads=posix --enable-libstdcxx-time=yes --disable-win32-utf8-manifest]
  ignore line: [Thread model: posix]
  ignore line: [Supported LTO compression algorithms: zlib zstd]
  ignore line: [gcc version 15.2.0 (crosstool-NG esp-15.2.0_20251204) ]
  ignore line: [COMPILER_PATH=/home/aamir/.espressif/tools/xtensa-esp-elf/esp-15.2.0_20251204/xtensa-esp-elf/bin/../libexec/gcc/xtensa-esp-elf/15.2.0/:/home/aamir/.espressif/tools/xtensa-esp-elf/esp-15.2.0_20251204/xtensa-esp-elf/bin/../libexec/gcc/:/home/aamir/.espressif/tools/xtensa-esp-elf/esp-15.2.0_20251204/xtensa-esp-elf/bin/../lib/gcc/xtensa-esp-elf/15.2.0/../../../../xtensa-esp-elf/bin/]
  ignore line: [LIBRARY_PATH=/home/aamir/.espressif/tools/xtensa-esp-elf/esp-15.2.0_20251204/xtensa-esp-elf/bin/../lib/gcc/xtensa-esp-elf/15.2.0/esp32/:/home/aamir/.espressif/tools/xtensa-esp-elf/esp-15.2.0_20251204/xtensa-esp-elf/bin/../lib/gcc/xtensa-esp-elf/15.2.0/../../../../xtensa-esp-elf/lib/esp32/:/home/aamir/.espressif/tools/xtensa-esp-elf/esp-15.2.0_20251204/xtensa-esp-elf/bin/../xtensa-esp-elf/lib/esp32/:/home/aamir/.espressif/tools/xtensa-esp-elf/esp-15.2.0_20251204/xtensa-esp-elf/bin/../lib/gcc/xtensa-esp-elf/15.2.0/:/home/aamir/.espressif/tools/xtensa-esp-elf/esp-15.2.0_20251204/xtensa-esp-elf/bin/../lib/gcc/:/home/aamir/.espressif/tools/xtensa-esp-elf/esp-15.2.0_20251204/xtensa-esp-elf/bin/../lib/gcc/xtensa-esp-elf/15.2.0/../../../../xtensa-esp-elf/lib/:/home/aamir/.espressif/tools/xtensa-esp-elf/esp-15.2.0_20251204/xtensa-esp-elf/bin/../xtensa-esp-elf/lib/:/home/aamir/.espressif/tools/xtensa-esp-elf/esp-15.2.0_20251204/xtensa-esp-elf/bin/../xtensa-esp-elf/usr/lib/]
  ignore line: [COLLECT_GCC_OPTIONS='-mdynconfig=xtensa_esp32.so' '-v' '-o' 'cmTC_4aaa5' '-dumpdir' 'cmTC_4aaa5.']
  link line: [ /home/aamir/.espressif/tools/xtensa-esp-elf/esp-15.2.0_20251204/xtensa-esp-elf/bin/../libexec/gcc/xtensa-esp-elf/15.2.0/collect2 -plugin /home/aamir/.espressif/tools/xtensa-esp-elf/esp-15.2.0_20251204/xtensa-esp-elf/bin/../libexec/gcc/xtensa-esp-elf/15.2.0/liblto_plugin.so -plugin-opt=/home/aamir/.espressif/tools/xtensa-esp-elf/esp-15.2.0_20251204/xtensa-esp-elf/bin/../libexec/gcc/xtensa-esp-elf/15.2.0/lto-wrapper -plugin-opt=-fresolution=/tmp/ccPqMvsP.res -plugin-opt=-pass-through=-lgcc -plugin-opt=-pass-through=-lc -plugin-opt=-pass-through=-lnosys -plugin-opt=-pass-through=-lc -plugin-opt=-pass-through=-lgcc --sysroot=/home/aamir/.espressif/tools/xtensa-esp-elf/esp-15.2.0_20251204/xtensa-esp-elf/bin/../xtensa-esp-elf --dynconfig=xtensa_esp32.so -o cmTC_4aaa5 /home/aamir/.espressif/tools/xtensa-esp-elf/esp-15.2.0_20251204/xtensa-esp-elf/bin/../lib/gcc/xtensa-esp-elf/15.2.0/../../../../xtensa-esp-elf/lib/esp32/crt0.o /home/aamir/.espressif/tools/xtensa-esp-elf/esp-15.2.0_20251204/xtensa-esp-elf/bin/../lib/gcc/xtensa-esp-elf/15.2.0/esp32/crti.o /home/aamir/.espressif/tools/xtensa-esp-elf/esp-15.2.0_20251204/xtensa-esp-elf/bin/../lib/gcc/xtensa-esp-elf/15.2.0/esp32/crtbegin.o -L/home/aamir/.espressif/tools/xtensa-esp-elf/esp-15.2.0_20251204/xtensa-esp-elf/bin/../lib/gcc/xtensa-esp-elf/15.2.0/esp32 -L/home/aamir/.espressif/tools/xtensa-esp-elf/esp-15.2.0_20251204/xtensa-esp-elf/bin/../lib/gcc/xtensa-esp-elf/15.2.0/../../../../xtensa-esp-elf/lib/esp32 -L/home/aamir/.espressif/tools/xtensa-esp-elf/esp-15.2.0_20251204/xtensa-esp-elf/bin/../xtensa-esp-elf/lib/esp32 -L/home/aamir/.espressif/tools/xtensa-esp-elf/esp-15.2.0_20251204/xtensa-esp-elf/bin/../lib/gcc/xtensa-esp-elf/15.2.0 -L/home/aamir/.espressif/tools/xtensa-esp-elf/esp-15.2.0_20251204/xtensa-esp-elf/bin/../lib/gcc -L/home/aamir/.espressif/tools/xtensa-esp-elf/esp-15.2.0_20251204/xtensa-esp-elf/bin/../lib/gcc/xtensa-esp-elf/15.2.0/../../../../xtensa-esp-elf/lib -L/home/aamir/.espressif/tools/xtensa-esp-elf/esp-15.2.0_20251204/xtensa-esp-elf/bin/../xtensa-esp-elf/lib -L/home/aamir/.espressif/tools/xtensa-esp-elf/esp-15.2.0_20251204/xtensa-esp-elf/bin/../xtensa-esp-elf/usr/lib @/tmp/ccN4TYuV -lgcc -lc -lnosys -lc -lgcc /home/aamir/.espressif/tools/xtensa-esp-elf/esp-15.2.0_20251204/xtensa-esp-elf/bin/../lib/gcc/xtensa-esp-elf/15.2.0/esp32/crtend.o /home/aamir/.espressif/tools/xtensa-esp-elf/esp-15.2.0_20251204/xtensa-esp-elf/bin/../lib/gcc/xtensa-esp-elf/15.2.0/esp32/crtn.o]
    arg [/home/aamir/.espressif/tools/xtensa-esp-elf/esp-15.2.0_20251204/xtensa-esp-elf/bin/../libexec/gcc/xtensa-esp-elf/15.2.0/collect2] ==> ignore
    arg [-plugin] ==> ignore
    arg [/home/aamir/.espressif/tools/xtensa-esp-elf/esp-15.2.0_20251204/xtensa-esp-elf/bin/../libexec/gcc/xtensa-esp-elf/15.2.0/liblto_plugin.so] ==> ignore
    arg [-plugin-opt=/home/aamir/.espressif/tools/xtensa-esp-elf/esp-15.2.0_20251204/xtensa-esp-elf/bin/../libexec/gcc/xtensa-esp-elf/15.2.0/lto-wrapper] ==> ignore
    arg [-plugin-opt=-fresolution=/tmp/ccPqMvsP.res] ==> ignore
    arg [-plugin-opt=-pass-through=-lgcc] ==> ignore
    arg [-plugin-opt=-pass-through=-lc] ==> ignore
    arg [-plugin-opt=-pass-through=-lnosys] ==> ignore
    arg [-plugin-opt=-pass-through=-lc] ==> ignore
    arg [-plugin-opt=-pass-through=-lgcc] ==> ignore
    arg [--sysroot=/home/aamir/.espressif/tools/xtensa-esp-elf/esp-15.2.0_20251204/xtensa-esp-elf/bin/../xtensa-esp-elf] ==> ignore
    arg [--dynconfig=xtensa_esp32.so] ==> ignore
    arg [-o] ==> ignore
    arg [cmTC_4aaa5] ==> ignore
    arg [/home/aamir/.espressif/tools/xtensa-esp-elf/esp-15.2.0_20251204/xtensa-esp-elf/bin/../lib/gcc/xtensa-esp-elf/15.2.0/../../../../xtensa-esp-elf/lib/esp32/crt0.o] ==> obj [/home/aamir/.espressif/tools/xtensa-esp-elf/esp-15.2.0_20251204/xtensa-esp-elf/bin/../lib/gcc/xtensa-esp-elf/15.2.0/../../../../xtensa-esp-elf/lib/esp32/crt0.o]
    arg [/home/aamir/.espressif/tools/xtensa-esp-elf/esp-15.2.0_20251204/xtensa-esp-elf/bin/../lib/gcc/xtensa-esp-elf/15.2.0/esp32/crti.o] ==> obj [/home/aamir/.espressif/tools/xtensa-esp-elf/esp-15.2.0_20251204/xtensa-esp-elf/bin/../lib/gcc/xtensa-esp-elf/15.2.0/esp32/crti.o]
    arg [/home/aamir/.espressif/tools/xtensa-esp-elf/esp-15.2.0_20251204/xtensa-esp-elf/bin/../lib/gcc/xtensa-esp-elf/15.2.0/esp32/crtbegin.o] ==> obj [/home/aamir/.espressif/tools/xtensa-esp-elf/esp-15.2.0_20251204/xtensa-esp-elf/bin/../lib/gcc/xtensa-esp-elf/15.2.0/esp32/crtbegin.o]
    arg [-L/home/aamir/.espressif/tools/xtensa-esp-elf/esp-15.2.0_20251204/xtensa-esp-elf/bin/../lib/gcc/xtensa-esp-elf/15.2.0/esp32] ==> dir [/home/aamir/.espressif/tools/xtensa-esp-elf/esp-15.2.0_20251204/xtensa-esp-elf/bin/../lib/gcc/xtensa-esp-elf/15.2.0/esp32]
    arg [-L/home/aamir/.espressif/tools/xtensa-esp-elf/esp-15.2.0_20251204/xtensa-esp-elf/bin/../lib/gcc/xtensa-esp-elf/15.2.0/../../../../xtensa-esp-elf/lib/esp32] ==> dir [/home/aamir/.espressif/tools/xtensa-esp-elf/esp-15.2.0_20251204/xtensa-esp-elf/bin/../lib/gcc/xtensa-esp-elf/15.2.0/../../../../xtensa-esp-elf/lib/esp32]
    arg [-L/home/aamir/.espressif/tools/xtensa-esp-elf/esp-15.2.0_20251204/xtensa-esp-elf/bin/../xtensa-esp-elf/lib/esp32] ==> dir [/home/aamir/.espressif/tools/xtensa-esp-elf/esp-15.2.0_20251204/xtensa-esp-elf/bin/../xtensa-esp-elf/lib/esp32]
    arg [-L/home/aamir/.espressif/tools/xtensa-esp-elf/esp-15.2.0_20251204/xtensa-esp-elf/bin/../lib/gcc/xtensa-esp-elf/15.2.0] ==> dir [/home/aamir/.espressif/tools/xtensa-esp-elf/esp-15.2.0_20251204/xtensa-esp-elf/bin/../lib/gcc/xtensa-esp-elf/15.2.0]
    arg [-L/home/aamir/.espressif/tools/xtensa-esp-elf/esp-15.2.0_20251204/xtensa-esp-elf/bin/../lib/gcc] ==> dir [/home/aamir/.espressif/tools/xtensa-esp-elf/esp-15.2.0_20251204/xtensa-esp-elf/bin/../lib/gcc]
    arg [-L/home/aamir/.espressif/tools/xtensa-esp-elf/esp-15.2.0_20251204/xtensa-esp-elf/bin/../lib/gcc/xtensa-esp-elf/15.2.0/../../../../xtensa-esp-elf/lib] ==> dir [/home/aamir/.espressif/tools/xtensa-esp-elf/esp-15.2.0_20251204/xtensa-esp-elf/bin/../lib/gcc/xtensa-esp-elf/15.2.0/../../../../xtensa-esp-elf/lib]
    arg [-L/home/aamir/.espressif/tools/xtensa-esp-elf/esp-15.2.0_20251204/xtensa-esp-elf/bin/../xtensa-esp-elf/lib] ==> dir [/home/aamir/.espressif/tools/xtensa-esp-elf/esp-15.2.0_20251204/xtensa-esp-elf/bin/../xtensa-esp-elf/lib]
    arg [-L/home/aamir/.espressif/tools/xtensa-esp-elf/esp-15.2.0_20251204/xtensa-esp-elf/bin/../xtensa-esp-elf/usr/lib] ==> dir [/home/aamir/.espressif/tools/xtensa-esp-elf/esp-15.2.0_20251204/xtensa-esp-elf/bin/../xtensa-esp-elf/usr/lib]
    arg [@/tmp/ccN4TYuV] ==> ignore
    arg [-lgcc] ==> lib [gcc]
    arg [-lc] ==> lib [c]
    arg [-lnosys] ==> lib [nosys]
    arg [-lc] ==> lib [c]
    arg [-lgcc] ==> lib [gcc]
    arg [/home/aamir/.espressif/tools/xtensa-esp-elf/esp-15.2.0_20251204/xtensa-esp-elf/bin/../lib/gcc/xtensa-esp-elf/15.2.0/esp32/crtend.o] ==> obj [/home/aamir/.espressif/tools/xtensa-esp-elf/esp-15.2.0_20251204/xtensa-esp-elf/bin/../lib/gcc/xtensa-esp-elf/15.2.0/esp32/crtend.o]
    arg [/home/aamir/.espressif/tools/xtensa-esp-elf/esp-15.2.0_20251204/xtensa-esp-elf/bin/../lib/gcc/xtensa-esp-elf/15.2.0/esp32/crtn.o] ==> obj [/home/aamir/.espressif/tools/xtensa-esp-elf/esp-15.2.0_20251204/xtensa-esp-elf/bin/../lib/gcc/xtensa-esp-elf/15.2.0/esp32/crtn.o]
  collapse obj [/home/aamir/.espressif/tools/xtensa-esp-elf/esp-15.2.0_20251204/xtensa-esp-elf/bin/../lib/gcc/xtensa-esp-elf/15.2.0/../../../../xtensa-esp-elf/lib/esp32/crt0.o] ==> [/home/aamir/.espressif/tools/xtensa-esp-elf/esp-15.2.0_20251204/xtensa-esp-elf/xtensa-esp-elf/lib/esp32/crt0.o]
  collapse obj [/home/aamir/.espressif/tools/xtensa-esp-elf/esp-15.2.0_20251204/xtensa-esp-elf/bin/../lib/gcc/xtensa-esp-elf/15.2.0/esp32/crti.o] ==> [/home/aamir/.espressif/tools/xtensa-esp-elf/esp-15.2.0_20251204/xtensa-esp-elf/lib/gcc/xtensa-esp-elf/15.2.0/esp32/crti.o]
  collapse obj [/home/aamir/.espressif/tools/xtensa-esp-elf/esp-15.2.0_20251204/xtensa-esp-elf/bin/../lib/gcc/xtensa-esp-elf/15.2.0/esp32/crtbegin.o] ==> [/home/aamir/.espressif/tools/xtensa-esp-elf/esp-15.2.0_20251204/xtensa-esp-elf/lib/gcc/xtensa-esp-elf/15.2.0/esp32/crtbegin.o]
  collapse obj [/home/aamir/.espressif/tools/xtensa-esp-elf/esp-15.2.0_20251204/xtensa-esp-elf/bin/../lib/gcc/xtensa-esp-elf/15.2.0/esp32/crtend.o] ==> [/home/aamir/.espressif/tools/xtensa-esp-elf/esp-15.2.0_20251204/xtensa-esp-elf/lib/gcc/xtensa-esp-elf/15.2.0/esp32/crtend.o]
  collapse obj [/home/aamir/.espressif/tools/xtensa-esp-elf/esp-15.2.0_20251204/xtensa-esp-elf/bin/../lib/gcc/xtensa-esp-elf/15.2.0/esp32/crtn.o] ==> [/home/aamir/.espressif/tools/xtensa-esp-elf/esp-15.2.0_20251204/xtensa-esp-elf/lib/gcc/xtensa-esp-elf/15.2.0/esp32/crtn.o]
  collapse library dir [/home/aamir/.espressif/tools/xtensa-esp-elf/esp-15.2.0_20251204/xtensa-esp-elf/bin/../lib/gcc/xtensa-esp-elf/15.2.0/esp32] ==> [/home/aamir/.espressif/tools/xtensa-esp-elf/esp-15.2.0_20251204/xtensa-esp-elf/lib/gcc/xtensa-esp-elf/15.2.0/esp32]
  collapse library dir [/home/aamir/.espressif/tools/xtensa-esp-elf/esp-15.2.0_20251204/xtensa-esp-elf/bin/../lib/gcc/xtensa-esp-elf/15.2.0/../../../../xtensa-esp-elf/lib/esp32] ==> [/home/aamir/.espressif/tools/xtensa-esp-elf/esp-15.2.0_20251204/xtensa-esp-elf/xtensa-esp-elf/lib/esp32]
  collapse library dir [/home/aamir/.espressif/tools/xtensa-esp-elf/esp-15.2.0_20251204/xtensa-esp-elf/bin/../xtensa-esp-elf/lib/esp32] ==> [/home/aamir/.espressif/tools/xtensa-esp-elf/esp-15.2.0_20251204/xtensa-esp-elf/xtensa-esp-elf/lib/esp32]
  collapse library dir [/home/aamir/.espressif/tools/xtensa-esp-elf/esp-15.2.0_20251204/xtensa-esp-elf/bin/../lib/gcc/xtensa-esp-elf/15.2.0] ==> [/home/aamir/.espressif/tools/xtensa-esp-elf/esp-15.2.0_20251204/xtensa-esp-elf/lib/gcc/xtensa-esp-elf/15.2.0]
  collapse library dir [/home/aamir/.espressif/tools/xtensa-esp-elf/esp-15.2.0_20251204/xtensa-esp-elf/bin/../lib/gcc] ==> [/home/aamir/.espressif/tools/xtensa-esp-elf/esp-15.2.0_20251204/xtensa-esp-elf/lib/gcc]
  collapse library dir [/home/aamir/.espressif/tools/xtensa-esp-elf/esp-15.2.0_20251204/xtensa-esp-elf/bin/../lib/gcc/xtensa-esp-elf/15.2.0/../../../../xtensa-esp-elf/lib] ==> [/home/aamir/.espressif/tools/xtensa-esp-elf/esp-15.2.0_20251204/xtensa-esp-elf/xtensa-esp-elf/lib]
  collapse library dir [/home/aamir/.espressif/tools/xtensa-esp-elf/esp-15.2.0_20251204/xtensa-esp-elf/bin/../xtensa-esp-elf/lib] ==> [/home/aamir/.espressif/tools/xtensa-esp-elf/esp-15.2.0_20251204/xtensa-esp-elf/xtensa-esp-elf/lib]
  collapse library dir [/home/aamir/.espressif/tools/xtensa-esp-elf/esp-15.2.0_20251204/xtensa-esp-elf/bin/../xtensa-esp-elf/usr/lib] ==> [/home/aamir/.espressif/tools/xtensa-esp-elf/esp-15.2.0_20251204/xtensa-esp-elf/xtensa-esp-elf/usr/lib]
  implicit libs: [gcc;c;nosys;c;gcc]
  implicit objs: [/home/aamir/.espressif/tools/xtensa-esp-elf/esp-15.2.0_20251204/xtensa-esp-elf/xtensa-esp-elf/lib/esp32/crt0.o;/home/aamir/.espressif/tools/xtensa-esp-elf/esp-15.2.0_20251204/xtensa-esp-elf/lib/gcc/xtensa-esp-elf/15.2.0/esp32/crti.o;/home/aamir/.espressif/tools/xtensa-esp-elf/esp-15.2.0_20251204/xtensa-esp-elf/lib/gcc/xtensa-esp-elf/15.2.0/esp32/crtbegin.o;/home/aamir/.espressif/tools/xtensa-esp-elf/esp-15.2.0_20251204/xtensa-esp-elf/lib/gcc/xtensa-esp-elf/15.2.0/esp32/crtend.o;/home/aamir/.espressif/tools/xtensa-esp-elf/esp-15.2.0_20251204/xtensa-esp-elf/lib/gcc/xtensa-esp-elf/15.2.0/esp32/crtn.o]
  implicit dirs: [/home/aamir/.espressif/tools/xtensa-esp-elf/esp-15.2.0_20251204/xtensa-esp-elf/lib/gcc/xtensa-esp-elf/15.2.0/esp32;/home/aamir/.espressif/tools/xtensa-esp-elf/esp-15.2.0_20251204/xtensa-esp-elf/xtensa-esp-elf/lib/esp32;/home/aamir/.espressif/tools/xtensa-esp-elf/esp-15.2.0_20251204/xtensa-esp-elf/lib/gcc/xtensa-esp-elf/15.2.0;/home/aamir/.espressif/tools/xtensa-esp-elf/esp-15.2.0_20251204/xtensa-esp-elf/lib/gcc;/home/aamir/.espressif/tools/xtensa-esp-elf/esp-15.2.0_20251204/xtensa-esp-elf/xtensa-esp-elf/lib;/home/aamir/.espressif/tools/xtensa-esp-elf/esp-15.2.0_20251204/xtensa-esp-elf/xtensa-esp-elf/usr/lib]
  implicit fwks: []


Detecting CXX compiler ABI info compiled with the following output:
Change Dir: /home/aamir/Projects/thermostat/build/bootloader/CMakeFiles/CMakeTmp

Run Build Command(s):/home/aamir/.espressif/tools/ninja/1.12.1/ninja cmTC_0b284 && [1/2] Building CXX object CMakeFiles/cmTC_0b284.dir/CMakeCXXCompilerABI.cpp.obj
Using built-in specs.
COLLECT_GCC=/home/aamir/.espressif/tools/xtensa-esp-elf/esp-15.2.0_20251204/xtensa-esp-elf/bin/xtensa-esp-elf-g++
Target: xtensa-esp-elf
Configured with: /builds/idf/crosstool-NG/.build/xtensa-esp-elf/src/gcc/configure --build=x86_64-build_pc-linux-gnu --host=x86_64-build_pc-linux-gnu --target=xtensa-esp-elf --prefix=/builds/idf/crosstool-NG/builds/xtensa-esp-elf --exec_prefix=/builds/idf/crosstool-NG/builds/xtensa-esp-elf --with-local-prefix=/builds/idf/crosstool-NG/builds/xtensa-esp-elf/xtensa-esp-elf --with-sysroot=/builds/idf/crosstool-NG/builds/xtensa-esp-elf/xtensa-esp-elf --with-native-system-header-dir=/include --with-headers=/builds/idf/crosstool-NG/builds/xtensa-esp-elf/xtensa-esp-elf/include --with-newlib --enable-threads=no --disable-shared --with-pkgversion='crosstool-NG esp-15.2.0_20251204' --disable-__cxa_atexit --enable-cxx-flags='-ffunction-sections -fdata-sections' --disable-libgomp --disable-libmudflap --disable-libmpx --disable-libssp --disable-libquadmath --disable-libquadmath-support --disable-libstdcxx-verbose --with-gmp=/builds/idf/crosstool-NG/.build/xtensa-esp-elf/buildtools --with-mpfr=/builds/idf/crosstool-NG/.build/xtensa-esp-elf/buildtools --with-mpc=/builds/idf/crosstool-NG/.build/xtensa-esp-elf/buildtools --with-isl=/builds/idf/crosstool-NG/.build/xtensa-esp-elf/buildtools --enable-lto --enable-target-optspace --without-long-double-128 --enable-plugin --disable-nls --enable-multiarch --enable-languages=c,c++ --disable-libstdcxx-verbose --enable-threads=posix --enable-libstdcxx-time=yes --disable-win32-utf8-manifest
Thread model: posix
Supported LTO compression algorithms: zlib zstd
gcc version 15.2.0 (crosstool-NG esp-15.2.0_20251204) 
COLLECT_GCC_OPTIONS='-mdynconfig=xtensa_esp32.so' '-v' '-o' 'CMakeFiles/cmTC_0b284.dir/CMakeCXXCompilerABI.cpp.obj' '-c' '-dumpdir' 'CMakeFiles/cmTC_0b284.dir/'
 /home/aamir/.espressif/tools/xtensa-esp-elf/esp-15.2.0_20251204/xtensa-esp-elf/bin/../libexec/gcc/xtensa-esp-elf/15.2.0/cc1plus -quiet -v -imultilib esp32 -iprefix /home/aamir/.espressif/tools/xtensa-esp-elf/esp-15.2.0_20251204/xtensa-esp-elf/bin/../lib/gcc/xtensa-esp-elf/15.2.0/ -isysroot /home/aamir/.espressif/tools/xtensa-esp-elf/esp-15.2.0_20251204/xtensa-esp-elf/bin/../xtensa-esp-elf /usr/share/cmake-3.22/Modules/CMakeCXXCompilerABI.cpp -quiet -dumpdir CMakeFiles/cmTC_0b284.dir/ -dumpbase CMakeCXXCompilerABI.cpp.cpp -dumpbase-ext .cpp -mdynconfig=xtensa_esp32.so -version -o /tmp/ccvVH78i.s
GNU C++17 (crosstool-NG esp-15.2.0_20251204) version 15.2.0 (xtensa-esp-elf)
	compiled by GNU C version 6.3.0, GMP version 6.3.0, MPFR version 4.2.1, MPC version 1.3.1, isl version isl-0.26-GMP

GGC heuristics: --param ggc-min-expand=100 --param ggc-min-heapsize=131072
ignoring duplicate directory "/home/aamir/.espressif/tools/xtensa-esp-elf/esp-15.2.0_20251204/xtensa-esp-elf/bin/../lib/gcc/../../lib/gcc/xtensa-esp-elf/15.2.0/../../../../xtensa-esp-elf/include/c++/15.2.0"
ignoring duplicate directory "/home/aamir/.espressif/tools/xtensa-esp-elf/esp-15.2.0_20251204/xtensa-esp-elf/bin/../lib/gcc/../../lib/gcc/xtensa-esp-elf/15.2.0/../../../../xtensa-esp-elf/include/c++/15.2.0/xtensa-esp-elf/esp32"
ignoring duplicate directory "/home/aamir/.espressif/tools/xtensa-esp-elf/esp-15.2.0_20251204/xtensa-esp-elf/bin/../lib/gcc/../../lib/gcc/xtensa-esp-elf/15.2.0/../../../../xtensa-esp-elf/include/c++/15.2.0/backward"
ignoring duplicate directory "/home/aamir/.espressif/tools/xtensa-esp-elf/esp-15.2.0_20251204/xtensa-esp-elf/bin/../lib/gcc/../../lib/gcc/xtensa-esp-elf/15.2.0/include"
ignoring nonexistent directory "/home/aamir/.espressif/tools/xtensa-esp-elf/esp-15.2.0_20251204/xtensa-esp-elf/bin/../xtensa-esp-elf/builds/idf/crosstool-NG/builds/xtensa-esp-elf/xtensa-esp-elf/include"
ignoring duplicate directory "/home/aamir/.espressif/tools/xtensa-esp-elf/esp-15.2.0_20251204/xtensa-esp-elf/bin/../lib/gcc/../../lib/gcc/xtensa-esp-elf/15.2.0/include-fixed"
ignoring duplicate directory "/home/aamir/.espressif/tools/xtensa-esp-elf/esp-15.2.0_20251204/xtensa-esp-elf/bin/../lib/gcc/../../lib/gcc/xtensa-esp-elf/15.2.0/../../../../xtensa-esp-elf/include"
ignoring duplicate directory "/home/aamir/.espressif/tools/xtensa-esp-elf/esp-15.2.0_20251204/xtensa-esp-elf/bin/../xtensa-esp-elf/include"
#include "..." search starts here:
#include <...> search starts here:
 /home/aamir/.espressif/tools/xtensa-esp-elf/esp-15.2.0_20251204/xtensa-esp-elf/bin/../lib/gcc/xtensa-esp-elf/15.2.0/../../../../xtensa-esp-elf/include/c++/15.2.0
 /home/aamir/.espressif/tools/xtensa-esp-elf/esp-15.2.0_20251204/xtensa-esp-elf/bin/../lib/gcc/xtensa-esp-elf/15.2.0/../../../../xtensa-esp-elf/include/c++/15.2.0/xtensa-esp-elf/esp32
 /home/aamir/.espressif/tools/xtensa-esp-elf/esp-15.2.0_20251204/xtensa-esp-elf/bin/../lib/gcc/xtensa-esp-elf/15.2.0/../../../../xtensa-esp-elf/include/c++/15.2.0/backward
 /home/aamir/.espressif/tools/xtensa-esp-elf/esp-15.2.0_20251204/xtensa-esp-elf/bin/../lib/gcc/xtensa-esp-elf/15.2.0/include
 /home/aamir/.espressif/tools/xtensa-esp-elf/esp-15.2.0_20251204/xtensa-esp-elf/bin/../lib/gcc/xtensa-esp-elf/15.2.0/include-fixed
 /home/aamir/.espressif/tools/xtensa-esp-elf/esp-15.2.0_20251204/xtensa-esp-elf/bin/../lib/gcc/xtensa-esp-elf/15.2.0/../../../../xtensa-esp-elf/include
End of search list.
Compiler executable checksum: ddaf5163ec1d262ade9e7a5c85eeee1b
COLLECT_GCC_OPTIONS='-mdynconfig=xtensa_esp32.so' '-v' '-o' 'CMakeFiles/cmTC_0b284.dir/CMakeCXXCompilerABI.cpp.obj' '-c' '-dumpdir' 'CMakeFiles/cmTC_0b284.dir/'
 /home/aamir/.espressif/tools/xtensa-esp-elf/esp-15.2.0_20251204/xtensa-esp-elf/bin/../lib/gcc/xtensa-esp-elf/15.2.0/../../../../xtensa-esp-elf/bin/as --traditional-format --dynconfig=xtensa_esp32.so -o CMakeFiles/cmTC_0b284.dir/CMakeCXXCompilerABI.cpp.obj /tmp/ccvVH78i.s
COMPILER_PATH=/home/aamir/.espressif/tools/xtensa-esp-elf/esp-15.2.0_20251204/xtensa-esp-elf/bin/../libexec/gcc/xtensa-esp-elf/15.2.0/:/home/aamir/.espressif/tools/xtensa-esp-elf/esp-15.2.0_20251204/xtensa-esp-elf/bin/../libexec/gcc/:/home/aamir/.espressif/tools/xtensa-esp-elf/esp-15.2.0_20251204/xtensa-esp-elf/bin/../lib/gcc/xtensa-esp-elf/15.2.0/../../../../xtensa-esp-elf/bin/
LIBRARY_PATH=/home/aamir/.espressif/tools/xtensa-esp-elf/esp-15.2.0_20251204/xtensa-esp-elf/bin/../lib/gcc/xtensa-esp-elf/15.2.0/esp32/:/home/aamir/.espressif/tools/xtensa-esp-elf/esp-15.2.0_20251204/xtensa-esp-elf/bin/../lib/gcc/xtensa-esp-elf/15.2.0/../../../../xtensa-esp-elf/lib/esp32/:/home/aamir/.espressif/tools/xtensa-esp-elf/esp-15.2.0_20251204/xtensa-esp-elf/bin/../xtensa-esp-elf/lib/esp32/:/home/aamir/.espressif/tools/xtensa-esp-elf/esp-15.2.0_20251204/xtensa-esp-elf/bin/../lib/gcc/xtensa-esp-elf/15.2.0/:/home/aamir/.espressif/tools/xtensa-esp-elf/esp-15.2.0_20251204/xtensa-esp-elf/bin/../lib/gcc/:/home/aamir/.espressif/tools/xtensa-esp-elf/esp-15.2.0_20251204/xtensa-esp-elf/bin/../lib/gcc/xtensa-esp-elf/15.2.0/../../../../xtensa-esp-elf/lib/:/home/aamir/.espressif/tools/xtensa-esp-elf/esp-15.2.0_20251204/xtensa-esp-elf/bin/../xtensa-esp-elf/lib/:/home/aamir/.espressif/tools/xtensa-esp-elf/esp-15.2.0_20251204/xtensa-esp-elf/bin/../xtensa-esp-elf/usr/lib/
COLLECT_GCC_OPTIONS='-mdynconfig=xtensa_esp32.so' '-v' '-o' 'CMakeFiles/cmTC_0b284.dir/CMakeCXXCompilerABI.cpp.obj' '-c' '-dumpdir' 'CMakeFiles/cmTC_0b284.dir/CMakeCXXCompilerABI.cpp.'
[2/2] Linking CXX executable cmTC_0b284
Using built-in specs.
COLLECT_GCC=/home/aamir/.espressif/tools/xtensa-esp-elf/esp-15.2.0_20251204/xtensa-esp-elf/bin/xtensa-esp-elf-g++
COLLECT_LTO_WRAPPER=/home/aamir/.espressif/tools/xtensa-esp-elf/esp-15.2.0_20251204/xtensa-esp-elf/bin/../libexec/gcc/xtensa-esp-elf/15.2.0/lto-wrapper
Target: xtensa-esp-elf
Configured with: /builds/idf/crosstool-NG/.build/xtensa-esp-elf/src/gcc/configure --build=x86_64-build_pc-linux-gnu --host=x86_64-build_pc-linux-gnu --target=xtensa-esp-elf --prefix=/builds/idf/crosstool-NG/builds/xtensa-esp-elf --exec_prefix=/builds/idf/crosstool-NG/builds/xtensa-esp-elf --with-local-prefix=/builds/idf/crosstool-NG/builds/xtensa-esp-elf/xtensa-esp-elf --with-sysroot=/builds/idf/crosstool-NG/builds/xtensa-esp-elf/xtensa-esp-elf --with-native-system-header-dir=/include --with-headers=/builds/idf/crosstool-NG/builds/xtensa-esp-elf/xtensa-esp-elf/include --with-newlib --enable-threads=no --disable-shared --with-pkgversion='crosstool-NG esp-15.2.0_20251204' --disable-__cxa_atexit --enable-cxx-flags='-ffunction-sections -fdata-sections' --disable-libgomp --disable-libmudflap --disable-libmpx --disable-libssp --disable-libquadmath --disable-libquadmath-support --disable-libstdcxx-verbose --with-gmp=/builds/idf/crosstool-NG/.build/xtensa-esp-elf/buildtools --with-mpfr=/builds/idf/crosstool-NG/.build/xtensa-esp-elf/buildtools --with-mpc=/builds/idf/crosstool-NG/.build/xtensa-esp-elf/buildtools --with-isl=/builds/idf/crosstool-NG/.build/xtensa-esp-elf/buildtools --enable-lto --enable-target-optspace --without-long-double-128 --enable-plugin --disable-nls --enable-multiarch --enable-languages=c,c++ --disable-libstdcxx-verbose --enable-threads=posix --enable-libstdcxx-time=yes --disable-win32-utf8-manifest
Thread model: posix
Supported LTO compression algorithms: zlib zstd
gcc version 15.2.0 (crosstool-NG esp-15.2.0_20251204) 
COMPILER_PATH=/home/aamir/.espressif/tools/xtensa-esp-elf/esp-15.2.0_20251204/xtensa-esp-elf/bin/../libexec/gcc/xtensa-esp-elf/15.2.0/:/home/aamir/.espressif/tools/xtensa-esp-elf/esp-15.2.0_20251204/xtensa-esp-elf/bin/../libexec/gcc/:/home/aamir/.espressif/tools/xtensa-esp-elf/esp-15.2.0_20251204/xtensa-esp-elf/bin/../lib/gcc/xtensa-esp-elf/15.2.0/../../../../xtensa-esp-elf/bin/
LIBRARY_PATH=/home/aamir/.espressif/tools/xtensa-esp-elf/esp-15.2.0_20251204/xtensa-esp-elf/bin/../lib/gcc/xtensa-esp-elf/15.2.0/esp32/:/home/aamir/.espressif/tools/xtensa-esp-elf/esp-15.2.0_20251204/xtensa-esp-elf/bin/../lib/gcc/xtensa-esp-elf/15.2.0/../../../../xtensa-esp-elf/lib/esp32/:/home/aamir/.espressif/tools/xtensa-esp-elf/esp-15.2.0_20251204/xtensa-esp-elf/bin/../xtensa-esp-elf/lib/esp32/:/home/aamir/.espressif/tools/xtensa-esp-elf/esp-15.2.0_20251204/xtensa-esp-elf/bin/../lib/gcc/xtensa-esp-elf/15.2.0/:/home/aamir/.espressif/tools/xtensa-esp-elf/esp-15.2.0_20251204/xtensa-esp-elf/bin/../lib/gcc/:/home/aamir/.espressif/tools/xtensa-esp-elf/esp-15.2.0_20251204/xtensa-esp-elf/bin/../lib/gcc/xtensa-esp-elf/15.2.0/../../../../xtensa-esp-elf/lib/:/home/aamir/.espressif/tools/xtensa-esp-elf/esp-15.2.0_20251204/xtensa-esp-elf/bin/../xtensa-esp-elf/lib/:/home/aamir/.espressif/tools/xtensa-esp-elf/esp-15.2.0_20251204/xtensa-esp-elf/bin/../xtensa-esp-elf/usr/lib/
COLLECT_GCC_OPTIONS='-mdynconfig=xtensa_esp32.so' '-v' '-o' 'cmTC_0b284' '-dumpdir' 'cmTC_0b284.'
 /home/aamir/.espressif/tools/xtensa-esp-elf/esp-15.2.0_20251204/xtensa-esp-elf/bin/../libexec/gcc/xtensa-esp-elf/15.2.0/collect2 -plugin /home/aamir/.espressif/tools/xtensa-esp-elf/esp-15.2.0_20251204/xtensa-esp-elf/bin/../libexec/gcc/xtensa-esp-elf/15.2.0/liblto_plugin.so -plugin-opt=/home/aamir/.espressif/tools/xtensa-esp-elf/esp-15.2.0_20251204/xtensa-esp-elf/bin/../libexec/gcc/xtensa-esp-elf/15.2.0/lto-wrapper -plugin-opt=-fresolution=/tmp/cc0Dm3kA.res -plugin-opt=-pass-through=-lgcc -plugin-opt=-pass-through=-lc -plugin-opt=-pass-through=-lnosys -plugin-opt=-pass-through=-lc -plugin-opt=-pass-through=-lgcc --sysroot=/home/aamir/.espressif/tools/xtensa-esp-elf/esp-15.2.0_20251204/xtensa-esp-elf/bin/../xtensa-esp-elf --dynconfig=xtensa_esp32.so -o cmTC_0b284 /home/aamir/.espressif/tools/xtensa-esp-elf/esp-15.2.0_20251204/xtensa-esp-elf/bin/../lib/gcc/xtensa-esp-elf/15.2.0/../../../../xtensa-esp-elf/lib/esp32/crt0.o /home/aamir/.espressif/tools/xtensa-esp-elf/esp-15.2.0_20251204/xtensa-esp-elf/bin/../lib/gcc/xtensa-esp-elf/15.2.0/esp32/crti.o /home/aamir/.espressif/tools/xtensa-esp-elf/esp-15.2.0_20251204/xtensa-esp-elf/bin/../lib/gcc/xtensa-esp-elf/15.2.0/esp32/crtbegin.o -L/home/aamir/.espressif/tools/xtensa-esp-elf/esp-15.2.0_20251204/xtensa-esp-elf/bin/../lib/gcc/xtensa-esp-elf/15.2.0/esp32 -L/home/aamir/.espressif/tools/xtensa-esp-elf/esp-15.2.0_20251204/xtensa-esp-elf/bin/../lib/gcc/xtensa-esp-elf/15.2.0/../../../../xtensa-esp-elf/lib/esp32 -L/home/aamir/.espressif/tools/xtensa-esp-elf/esp-15.2.0_20251204/xtensa-esp-elf/bin/../xtensa-esp-elf/lib/esp32 -L/home/aamir/.espressif/tools/xtensa-esp-elf/esp-15.2.0_20251204/xtensa-esp-elf/bin/../lib/gcc/xtensa-esp-elf/15.2.0 -L/home/aamir/.espressif/tools/xtensa-esp-elf/esp-15.2.0_20251204/xtensa-esp-elf/bin/../lib/gcc -L/home/aamir/.espressif/tools/xtensa-esp-elf/esp-15.2.0_20251204/xtensa-esp-elf/bin/../lib/gcc/xtensa-esp-elf/15.2.0/../../../../xtensa-esp-elf/lib -L/home/aamir/.espressif/tools/xtensa-esp-elf/esp-15.2.0_20251204/xtensa-esp-elf/bin/../xtensa-esp-elf/lib -L/home/aamir/.espressif/tools/xtensa-esp-elf/esp-15.2.0_20251204/xtensa-esp-elf/bin/../xtensa-esp-elf/usr/lib @/tmp/ccx7Tlr6 -lgcc -lc -lnosys -lc -lgcc /home/aamir/.espressif/tools/xtensa-esp-elf/esp-15.2.0_20251204/xtensa-esp-elf/bin/../lib/gcc/xtensa-esp-elf/15.2.0/esp32/crtend.o /home/aamir/.espressif/tools/xtensa-esp-elf/esp-15.2.0_20251204/xtensa-esp-elf/bin/../lib/gcc/xtensa-esp-elf/15.2.0/esp32/crtn.o
COLLECT_GCC_OPTIONS='-mdynconfig=xtensa_esp32.so' '-v' '-o' 'cmTC_0b284' '-dumpdir' 'cmTC_0b284.'



Parsed CXX implicit include dir info from above output: rv=done
  found start of include info
  found start of implicit include info
    add: [/home/aamir/.espressif/tools/xtensa-esp-elf/esp-15.2.0_20251204/xtensa-esp-elf/bin/../lib/gcc/xtensa-esp-elf/15.2.0/../../../../xtensa-esp-elf/include/c++/15.2.0]
    add: [/home/aamir/.espressif/tools/xtensa-esp-elf/esp-15.2.0_20251204/xtensa-esp-elf/bin/../lib/gcc/xtensa-esp-elf/15.2.0/../../../../xtensa-esp-elf/include/c++/15.2.0/xtensa-esp-elf/esp32]
    add: [/home/aamir/.espressif/tools/xtensa-esp-elf/esp-15.2.0_20251204/xtensa-esp-elf/bin/../lib/gcc/xtensa-esp-elf/15.2.0/../../../../xtensa-esp-elf/include/c++/15.2.0/backward]
    add: [/home/aamir/.espressif/tools/xtensa-esp-elf/esp-15.2.0_20251204/xtensa-esp-elf/bin/../lib/gcc/xtensa-esp-elf/15.2.0/include]
    add: [/home/aamir/.espressif/tools/xtensa-esp-elf/esp-15.2.0_20251204/xtensa-esp-elf/bin/../lib/gcc/xtensa-esp-elf/15.2.0/include-fixed]
    add: [/home/aamir/.espressif/tools/xtensa-esp-elf/esp-15.2.0_20251204/xtensa-esp-elf/bin/../lib/gcc/xtensa-esp-elf/15.2.0/../../../../xtensa-esp-elf/include]
  end of search list found
  collapse include dir [/home/aamir/.espressif/tools/xtensa-esp-elf/esp-15.2.0_20251204/xtensa-esp-elf/bin/../lib/gcc/xtensa-esp-elf/15.2.0/../../../../xtensa-esp-elf/include/c++/15.2.0] ==> [/home/aamir/.espressif/tools/xtensa-esp-elf/esp-15.2.0_20251204/xtensa-esp-elf/xtensa-esp-elf/include/c++/15.2.0]
  collapse include dir [/home/aamir/.espressif/tools/xtensa-esp-elf/esp-15.2.0_20251204/xtensa-esp-elf/bin/../lib/gcc/xtensa-esp-elf/15.2.0/../../../../xtensa-esp-elf/include/c++/15.2.0/xtensa-esp-elf/esp32] ==> [/home/aamir/.espressif/tools/xtensa-esp-elf/esp-15.2.0_20251204/xtensa-esp-elf/xtensa-esp-elf/include/c++/15.2.0/xtensa-esp-elf/esp32]
  collapse include dir [/home/aamir/.espressif/tools/xtensa-esp-elf/esp-15.2.0_20251204/xtensa-esp-elf/bin/../lib/gcc/xtensa-esp-elf/15.2.0/../../../../xtensa-esp-elf/include/c++/15.2.0/backward] ==> [/home/aamir/.espressif/tools/xtensa-esp-elf/esp-15.2.0_20251204/xtensa-esp-elf/xtensa-esp-elf/include/c++/15.2.0/backward]
  collapse include dir [/home/aamir/.espressif/tools/xtensa-esp-elf/esp-15.2.0_20251204/xtensa-esp-elf/bin/../lib/gcc/xtensa-esp-elf/15.2.0/include] ==> [/home/aamir/.espressif/tools/xtensa-esp-elf/esp-15.2.0_20251204/xtensa-esp-elf/lib/gcc/xtensa-esp-elf/15.2.0/include]
  collapse include dir [/home/aamir/.espressif/tools/xtensa-esp-elf/esp-15.2.0_20251204/xtensa-esp-elf/bin/../lib/gcc/xtensa-esp-elf/15.2.0/include-fixed] ==> [/home/aamir/.espressif/tools/xtensa-esp-elf/esp-15.2.0_20251204/xtensa-esp-elf/lib/gcc/xtensa-esp-elf/15.2.0/include-fixed]
  collapse include dir [/home/aamir/.espressif/tools/xtensa-esp-elf/esp-15.2.0_20251204/xtensa-esp-elf/bin/../lib/gcc/xtensa-esp-elf/15.2.0/../../../../xtensa-esp-elf/include] ==> [/home/aamir/.espressif/tools/xtensa-esp-elf/esp-15.2.0_20251204/xtensa-esp-elf/xtensa-esp-elf/include]
  implicit include dirs: [/home/aamir/.espressif/tools/xtensa-esp-elf/esp-15.2.0_20251204/xtensa-esp-elf/xtensa-esp-elf/include/c++/15.2.0;/home/aamir/.espressif/tools/xtensa-esp-elf/esp-15.2.0_20251204/xtensa-esp-elf/xtensa-esp-elf/include/c++/15.2.0/xtensa-esp-elf/esp32;/home/aamir/.espressif/tools/xtensa-esp-elf/esp-15.2.0_20251204/xtensa-esp-elf/xtensa-esp-elf/include/c++/15.2.0/backward;/home/aamir/.espressif/tools/xtensa-esp-elf/esp-15.2.0_20251204/xtensa-esp-elf/lib/gcc/xtensa-esp-elf/15.2.0/include;/home/aamir/.espressif/tools/xtensa-esp-elf/esp-15.2.0_20251204/xtensa-esp-elf/lib/gcc/xtensa-esp-elf/15.2.0/include-fixed;/home/aamir/.espressif/tools/xtensa-esp-elf/esp-15.2.0_20251204/xtensa-esp-elf/xtensa-esp-elf/include]


Parsed CXX implicit link information from above output:
  link line regex: [^( *|.*[/\])(xtensa-esp32-elf-ld|CMAKE_LINK_STARTFILE-NOTFOUND|([^/\]+-)?ld|collect2)[^/\]*( |$)]
  ignore line: [Change Dir: /home/aamir/Projects/thermostat/build/bootloader/CMakeFiles/CMakeTmp]
  ignore line: []
  ignore line: [Run Build Command(s):/home/aamir/.espressif/tools/ninja/1.12.1/ninja cmTC_0b284 && [1/2] Building CXX object CMakeFiles/cmTC_0b284.dir/CMakeCXXCompilerABI.cpp.obj]
  ignore line: [Using built-in specs.]
  ignore line: [COLLECT_GCC=/home/aamir/.espressif/tools/xtensa-esp-elf/esp-15.2.0_20251204/xtensa-esp-elf/bin/xtensa-esp-elf-g++]
  ignore line: [Target: xtensa-esp-elf]
  ignore line: [Configured with: /builds/idf/crosstool-NG/.build/xtensa-esp-elf/src/gcc/configure --build=x86_64-build_pc-linux-gnu --host=x86_64-build_pc-linux-gnu --target=xtensa-esp-elf --prefix=/builds/idf/crosstool-NG/builds/xtensa-esp-elf --exec_prefix=/builds/idf/crosstool-NG/builds/xtensa-esp-elf --with-local-prefix=/builds/idf/crosstool-NG/builds/xtensa-esp-elf/xtensa-esp-elf --with-sysroot=/builds/idf/crosstool-NG/builds/xtensa-esp-elf/xtensa-esp-elf --with-native-system-header-dir=/include --with-headers=/builds/idf/crosstool-NG/builds/xtensa-esp-elf/xtensa-esp-elf/include --with-newlib --enable-threads=no --disable-shared --with-pkgversion='crosstool-NG esp-15.2.0_20251204' --disable-__cxa_atexit --enable-cxx-flags='-ffunction-sections -fdata-sections' --disable-libgomp --disable-libmudflap --disable-libmpx --disable-libssp --disable-libquadmath --disable-libquadmath-support --disable-libstdcxx-verbose --with-gmp=/builds/idf/crosstool-NG/.build/xtensa-esp-elf/buildtools --with-mpfr=/builds/idf/crosstool-NG/.build/xtensa-esp-elf/buildtools --with-mpc=/builds/idf/crosstool-NG/.build/xtensa-esp-elf/buildtools --with-isl=/builds/idf/crosstool-NG/.build/xtensa-esp-elf/buildtools --enable-lto --enable-target-optspace --without-long-double-128 --enable-plugin --disable-nls --enable-multiarch --enable-languages=c c++ --disable-libstdcxx-verbose --enable-threads=posix --enable-libstdcxx-time=yes --disable-win32-utf8-manifest]
  ignore line: [Thread model: posix]
  ignore line: [Supported LTO compression algorithms: zlib zstd]
  ignore line: [gcc version 15.2.0 (crosstool-NG esp-15.2.0_20251204) ]
  ignore line: [COLLECT_GCC_OPTIONS='-mdynconfig=xtensa_esp32.so' '-v' '-o' 'CMakeFiles/cmTC_0b284.dir/CMakeCXXCompilerABI.cpp.obj' '-c' '-dumpdir' 'CMakeFiles/cmTC_0b284.dir/']
  ignore line: [ /home/aamir/.espressif/tools/xtensa-esp-elf/esp-15.2.0_20251204/xtensa-esp-elf/bin/../libexec/gcc/xtensa-esp-elf/15.2.0/cc1plus -quiet -v -imultilib esp32 -iprefix /home/aamir/.espressif/tools/xtensa-esp-elf/esp-15.2.0_20251204/xtensa-esp-elf/bin/../lib/gcc/xtensa-esp-elf/15.2.0/ -isysroot /home/aamir/.espressif/tools/xtensa-esp-elf/esp-15.2.0_20251204/xtensa-esp-elf/bin/../xtensa-esp-elf /usr/share/cmake-3.22/Modules/CMakeCXXCompilerABI.cpp -quiet -dumpdir CMakeFiles/cmTC_0b284.dir/ -dumpbase CMakeCXXCompilerABI.cpp.cpp -dumpbase-ext .cpp -mdynconfig=xtensa_esp32.so -version -o /tmp/ccvVH78i.s]
  ignore line: [GNU C++17 (crosstool-NG esp-15.2.0_20251204) version 15.2.0 (xtensa-esp-elf)]
  ignore line: [	compiled by GNU C version 6.3.0  GMP version 6.3.0  MPFR version 4.2.1  MPC version 1.3.1  isl version isl-0.26-GMP]
  ignore line: []
  ignore line: [GGC heuristics: --param ggc-min-expand=100 --param ggc-min-heapsize=131072]
  ignore line: [ignoring duplicate directory "/home/aamir/.espressif/tools/xtensa-esp-elf/esp-15.2.0_20251204/xtensa-esp-elf/bin/../lib/gcc/../../lib/gcc/xtensa-esp-elf/15.2.0/../../../../xtensa-esp-elf/include/c++/15.2.0"]
  ignore line: [ignoring duplicate directory "/home/aamir/.espressif/tools/xtensa-esp-elf/esp-15.2.0_20251204/xtensa-esp-elf/bin/../lib/gcc/../../lib/gcc/xtensa-esp-elf/15.2.0/../../../../xtensa-esp-elf/include/c++/15.2.0/xtensa-esp-elf/esp32"]
  ignore line: [ignoring duplicate directory "/home/aamir/.espressif/tools/xtensa-esp-elf/esp-15.2.0_20251204/xtensa-esp-elf/bin/../lib/gcc/../../lib/gcc/xtensa-esp-elf/15.2.0/../../../../xtensa-esp-elf/include/c++/15.2.0/backward"]
  ignore line: [ignoring duplicate directory "/home/aamir/.espressif/tools/xtensa-esp-elf/esp-15.2.0_20251204/xtensa-esp-elf/bin/../lib/gcc/../../lib/gcc/xtensa-esp-elf/15.2.0/include"]
  ignore line: [ignoring nonexistent directory "/home/aamir/.espressif/tools/xtensa-esp-elf/esp-15.2.0_20251204/xtensa-esp-elf/bin/../xtensa-esp-elf/builds/idf/crosstool-NG/builds/xtensa-esp-elf/xtensa-esp-elf/include"]
  ignore line: [ignoring duplicate directory "/home/aamir/.espressif/tools/xtensa-esp-elf/esp-15.2.0_20251204/xtensa-esp-elf/bin/../lib/gcc/../../lib/gcc/xtensa-esp-elf/15.2.0/include-fixed"]
  ignore line: [ignoring duplicate directory "/home/aamir/.espressif/tools/xtensa-esp-elf/esp-15.2.0_20251204/xtensa-esp-elf/bin/../lib/gcc/../../lib/gcc/xtensa-esp-elf/15.2.0/../../../../xtensa-esp-elf/include"]
  ignore line: [ignoring duplicate directory "/home/aamir/.espressif/tools/xtensa-esp-elf/esp-15.2.0_20251204/xtensa-esp-elf/bin/../xtensa-esp-elf/include"]
  ignore line: [#include "..." search starts here:]
  ignore line: [#include <...> search starts here:]
  ignore line: [ /home/aamir/.espressif/tools/xtensa-esp-elf/esp-15.2.0_20251204/xtensa-esp-elf/bin/../lib/gcc/xtensa-esp-elf/15.2.0/../../../../xtensa-esp-elf/include/c++/15.2.0]
  ignore line: [ /home/aamir/.espressif/tools/xtensa-esp-elf/esp-15.2.0_20251204/xtensa-esp-elf/bin/../lib/gcc/xtensa-esp-elf/15.2.0/../../../../xtensa-esp-elf/include/c++/15.2.0/xtensa-esp-elf/esp32]
  ignore line: [ /home/aamir/.espressif/tools/xtensa-esp-elf/esp-15.2.0_20251204/xtensa-esp-elf/bin/../lib/gcc/xtensa-esp-elf/15.2.0/../../../../xtensa-esp-elf/include/c++/15.2.0/backward]
  ignore line: [ /home/aamir/.espressif/tools/xtensa-esp-elf/esp-15.2.0_20251204/xtensa-esp-elf/bin/../lib/gcc/xtensa-esp-elf/15.2.0/include]
  ignore line: [ /home/aamir/.espressif/tools/xtensa-esp-elf/esp-15.2.0_20251204/xtensa-esp-elf/bin/../lib/gcc/xtensa-esp-elf/15.2.0/include-fixed]
  ignore line: [ /home/aamir/.espressif/tools/xtensa-esp-elf/esp-15.2.0_20251204/xtensa-esp-elf/bin/../lib/gcc/xtensa-esp-elf/15.2.0/../../../../xtensa-esp-elf/include]
  ignore line: [End of search list.]
  ignore line: [Compiler executable checksum: ddaf5163ec1d262ade9e7a5c85eeee1b]
  ignore line: [COLLECT_GCC_OPTIONS='-mdynconfig=xtensa_esp32.so' '-v' '-o' 'CMakeFiles/cmTC_0b284.dir/CMakeCXXCompilerABI.cpp.obj' '-c' '-dumpdir' 'CMakeFiles/cmTC_0b284.dir/']
  ignore line: [ /home/aamir/.espressif/tools/xtensa-esp-elf/esp-15.2.0_20251204/xtensa-esp-elf/bin/../lib/gcc/xtensa-esp-elf/15.2.0/../../../../xtensa-esp-elf/bin/as --traditional-format --dynconfig=xtensa_esp32.so -o CMakeFiles/cmTC_0b284.dir/CMakeCXXCompilerABI.cpp.obj /tmp/ccvVH78i.s]
  ignore line: [COMPILER_PATH=/home/aamir/.espressif/tools/xtensa-esp-elf/esp-15.2.0_20251204/xtensa-esp-elf/bin/../libexec/gcc/xtensa-esp-elf/15.2.0/:/home/aamir/.espressif/tools/xtensa-esp-elf/esp-15.2.0_20251204/xtensa-esp-elf/bin/../libexec/gcc/:/home/aamir/.espressif/tools/xtensa-esp-elf/esp-15.2.0_20251204/xtensa-esp-elf/bin/../lib/gcc/xtensa-esp-elf/15.2.0/../../../../xtensa-esp-elf/bin/]
  ignore line: [LIBRARY_PATH=/home/aamir/.espressif/tools/xtensa-esp-elf/esp-15.2.0_20251204/xtensa-esp-elf/bin/../lib/gcc/xtensa-esp-elf/15.2.0/esp32/:/home/aamir/.espressif/tools/xtensa-esp-elf/esp-15.2.0_20251204/xtensa-esp-elf/bin/../lib/gcc/xtensa-esp-elf/15.2.0/../../../../xtensa-esp-elf/lib/esp32/:/home/aamir/.espressif/tools/xtensa-esp-elf/esp-15.2.0_20251204/xtensa-esp-elf/bin/../xtensa-esp-elf/lib/esp32/:/home/aamir/.espressif/tools/xtensa-esp-elf/esp-15.2.0_20251204/xtensa-esp-elf/bin/../lib/gcc/xtensa-esp-elf/15.2.0/:/home/aamir/.espressif/tools/xtensa-esp-elf/esp-15.2.0_20251204/xtensa-esp-elf/bin/../lib/gcc/:/home/aamir/.espressif/tools/xtensa-esp-elf/esp-15.2.0_20251204/xtensa-esp-elf/bin/../lib/gcc/xtensa-esp-elf/15.2.0/../../../../xtensa-esp-elf/lib/:/home/aamir/.espressif/tools/xtensa-esp-elf/esp-15.2.0_20251204/xtensa-esp-elf/bin/../xtensa-esp-elf/lib/:/home/aamir/.espressif/tools/xtensa-esp-elf/esp-15.2.0_20251204/xtensa-esp-elf/bin/../xtensa-esp-elf/usr/lib/]
  ignore line: [COLLECT_GCC_OPTIONS='-mdynconfig=xtensa_esp32.so' '-v' '-o' 'CMakeFiles/cmTC_0b284.dir/CMakeCXXCompilerABI.cpp.obj' '-c' '-dumpdir' 'CMakeFiles/cmTC_0b284.dir/CMakeCXXCompilerABI.cpp.']
  ignore line: [[2/2] Linking CXX executable cmTC_0b284]
  ignore line: [Using built-in specs.]
  ignore line: [COLLECT_GCC=/home/aamir/.espressif/tools/xtensa-esp-elf/esp-15.2.0_20251204/xtensa-esp-elf/bin/xtensa-esp-elf-g++]
  ignore line: [COLLECT_LTO_WRAPPER=/home/aamir/.espressif/tools/xtensa-esp-elf/esp-15.2.0_20251204/xtensa-esp-elf/bin/../libexec/gcc/xtensa-esp-elf/15.2.0/lto-wrapper]
  ignore line: [Target: xtensa-esp-elf]
  ignore line: [Configured with: /builds/idf/crosstool-NG/.build/xtensa-esp-elf/src/gcc/configure --build=x86_64-build_pc-linux-gnu --host=x86_64-build_pc-linux-gnu --target=xtensa-esp-elf --prefix=/builds/idf/crosstool-NG/builds/xtensa-esp-elf --exec_prefix=/builds/idf/crosstool-NG/builds/xtensa-esp-elf --with-local-prefix=/builds/idf/crosstool-NG/builds/xtensa-esp-elf/xtensa-esp-elf --with-sysroot=/builds/idf/crosstool-NG/builds/xtensa-esp-elf/xtensa-esp-elf --with-native-system-header-dir=/include --with-headers=/builds/idf/crosstool-NG/builds/xtensa-esp-elf/xtensa-esp-elf/include --with-newlib --enable-threads=no --disable-shared --with-pkgversion='crosstool-NG esp-15.2.0_20251204' --disable-__cxa_atexit --enable-cxx-flags='-ffunction-sections -fdata-sections' --disable-libgomp --disable-libmudflap --disable-libmpx --disable-libssp --disable-libquadmath --disable-libquadmath-support --disable-libstdcxx-verbose --with-gmp=/builds/idf/crosstool-NG/.build/xtensa-esp-elf/buildtools --with-mpfr=/builds/idf/crosstool-NG/.build/xtensa-esp-elf/buildtools --with-mpc=/builds/idf/crosstool-NG/.build/xtensa-esp-elf/buildtools --with-isl=/builds/idf/crosstool-NG/.build/xtensa-esp-elf/buildtools --enable-lto --enable-target-optspace --without-long-double-128 --enable-plugin --disable-nls --enable-multiarch --enable-languages=c c++ --disable-libstdcxx-verbose --enable-threads=posix --enable-libstdcxx-time=yes --disable-win32-utf8-manifest]
  ignore line: [Thread model: posix]
  ignore line: [Supported LTO compression algorithms: zlib zstd]
  ignore line: [gcc version 15.2.0 (crosstool-NG esp-15.2.0_20251204) ]
  ignore line: [COMPILER_PATH=/home/aamir/.espressif/tools/xtensa-esp-elf/esp-15.2.0_20251204/xtensa-esp-elf/bin/../libexec/gcc/xtensa-esp-elf/15.2.0/:/home/aamir/.espressif/tools/xtensa-esp-elf/esp-15.2.0_20251204/xtensa-esp-elf/bin/../libexec/gcc/:/home/aamir/.espressif/tools/xtensa-esp-elf/esp-15.2.0_20251204/xtensa-esp-elf/bin/../lib/gcc/xtensa-esp-elf/15.2.0/../../../../xtensa-esp-elf/bin/]
  ignore line: [LIBRARY_PATH=/home/aamir/.espressif/tools/xtensa-esp-elf/esp-15.2.0_20251204/xtensa-esp-elf/bin/../lib/gcc/xtensa-esp-elf/15.2.0/esp32/:/home/aamir/.espressif/tools/xtensa-esp-elf/esp-15.2.0_20251204/xtensa-esp-elf/bin/../lib/gcc/xtensa-esp-elf/15.2.0/../../../../xtensa-esp-elf/lib/esp32/:/home/aamir/.espressif/tools/xtensa-esp-elf/esp-15.2.0_20251204/xtensa-esp-elf/bin/../xtensa-esp-elf/lib/esp32/:/home/aamir/.espressif/tools/xtensa-esp-elf/esp-15.2.0_20251204/xtensa-esp-elf/bin/../lib/gcc/xtensa-esp-elf/15.2.0/:/home/aamir/.espressif/tools/xtensa-esp-elf/esp-15.2.0_20251204/xtensa-esp-elf/bin/../lib/gcc/:/home/aamir/.espressif/tools/xtensa-esp-elf/esp-15.2.0_20251204/xtensa-esp-elf/bin/../lib/gcc/xtensa-esp-elf/15.2.0/../../../../xtensa-esp-elf/lib/:/home/aamir/.espressif/tools/xtensa-esp-elf/esp-15.2.0_20251204/xtensa-esp-elf/bin/../xtensa-esp-elf/lib/:/home/aamir/.espressif/tools/xtensa-esp-elf/esp-15.2.0_20251204/xtensa-esp-elf/bin/../xtensa-esp-elf/usr/lib/]
  ignore line: [COLLECT_GCC_OPTIONS='-mdynconfig=xtensa_esp32.so' '-v' '-o' 'cmTC_0b284' '-dumpdir' 'cmTC_0b284.']
  link line: [ /home/aamir/.espressif/tools/xtensa-esp-elf/esp-15.2.0_20251204/xtensa-esp-elf/bin/../libexec/gcc/xtensa-esp-elf/15.2.0/collect2 -plugin /home/aamir/.espressif/tools/xtensa-esp-elf/esp-15.2.0_20251204/xtensa-esp-elf/bin/../libexec/gcc/xtensa-esp-elf/15.2.0/liblto_plugin.so -plugin-opt=/home/aamir/.espressif/tools/xtensa-esp-elf/esp-15.2.0_20251204/xtensa-esp-elf/bin/../libexec/gcc/xtensa-esp-elf/15.2.0/lto-wrapper -plugin-opt=-fresolution=/tmp/cc0Dm3kA.res -plugin-opt=-pass-through=-lgcc -plugin-opt=-pass-through=-lc -plugin-opt=-pass-through=-lnosys -plugin-opt=-pass-through=-lc -plugin-opt=-pass-through=-lgcc --sysroot=/home/aamir/.espressif/tools/xtensa-esp-elf/esp-15.2.0_20251204/xtensa-esp-elf/bin/../xtensa-esp-elf --dynconfig=xtensa_esp32.so -o cmTC_0b284 /home/aamir/.espressif/tools/xtensa-esp-elf/esp-15.2.0_20251204/xtensa-esp-elf/bin/../lib/gcc/xtensa-esp-elf/15.2.0/../../../../xtensa-esp-elf/lib/esp32/crt0.o /home/aamir/.espressif/tools/xtensa-esp-elf/esp-15.2.0_20251204/xtensa-esp-elf/bin/../lib/gcc/xtensa-esp-elf/15.2.0/esp32/crti.o /home/aamir/.espressif/tools/xtensa-esp-elf/esp-15.2.0_20251204/xtensa-esp-elf/bin/../lib/gcc/xtensa-esp-elf/15.2.0/esp32/crtbegin.o -L/home/aamir/.espressif/tools/xtensa-esp-elf/esp-15.2.0_20251204/xtensa-esp-elf/bin/../lib/gcc/xtensa-esp-elf/15.2.0/esp32 -L/home/aamir/.espressif/tools/xtensa-esp-elf/esp-15.2.0_20251204/xtensa-esp-elf/bin/../lib/gcc/xtensa-esp-elf/15.2.0/../../../../xtensa-esp-elf/lib/esp32 -L/home/aamir/.espressif/tools/xtensa-esp-elf/esp-15.2.0_20251204/xtensa-esp-elf/bin/../xtensa-esp-elf/lib/esp32 -L/home/aamir/.espressif/tools/xtensa-esp-elf/esp-15.2.0_20251204/xtensa-esp-elf/bin/../lib/gcc/xtensa-esp-elf/15.2.0 -L/home/aamir/.espressif/tools/xtensa-esp-elf/esp-15.2.0_20251204/xtensa-esp-elf/bin/../lib/gcc -L/home/aamir/.espressif/tools/xtensa-esp-elf/esp-15.2.0_20251204/xtensa-esp-elf/bin/../lib/gcc/xtensa-esp-elf/15.2.0/../../../../xtensa-esp-elf/lib -L/home/aamir/.espressif/tools/xtensa-esp-elf/esp-15.2.0_20251204/xtensa-esp-elf/bin/../xtensa-esp-elf/lib -L/home/aamir/.espressif/tools/xtensa-esp-elf/esp-15.2.0_20251204/xtensa-esp-elf/bin/../xtensa-esp-elf/usr/lib @/tmp/ccx7Tlr6 -lgcc -lc -lnosys -lc -lgcc /home/aamir/.espressif/tools/xtensa-esp-elf/esp-15.2.0_20251204/xtensa-esp-elf/bin/../lib/gcc/xtensa-esp-elf/15.2.0/esp32/crtend.o /home/aamir/.espressif/tools/xtensa-esp-elf/esp-15.2.0_20251204/xtensa-esp-elf/bin/../lib/gcc/xtensa-esp-elf/15.2.0/esp32/crtn.o]
    arg [/home/aamir/.espressif/tools/xtensa-esp-elf/esp-15.2.0_20251204/xtensa-esp-elf/bin/../libexec/gcc/xtensa-esp-elf/15.2.0/collect2] ==> ignore
    arg [-plugin] ==> ignore
    arg [/home/aamir/.espressif/tools/xtensa-esp-elf/esp-15.2.0_20251204/xtensa-esp-elf/bin/../libexec/gcc/xtensa-esp-elf/15.2.0/liblto_plugin.so] ==> ignore
    arg [-plugin-opt=/home/aamir/.espressif/tools/xtensa-esp-elf/esp-15.2.0_20251204/xtensa-esp-elf/bin/../libexec/gcc/xtensa-esp-elf/15.2.0/lto-wrapper] ==> ignore
    arg [-plugin-opt=-fresolution=/tmp/cc0Dm3kA.res] ==> ignore
    arg [-plugin-opt=-pass-through=-lgcc] ==> ignore
    arg [-plugin-opt=-pass-through=-lc] ==> ignore
    arg [-plugin-opt=-pass-through=-lnosys] ==> ignore
    arg [-plugin-opt=-pass-through=-lc] ==> ignore
    arg [-plugin-opt=-pass-through=-lgcc] ==> ignore
    arg [--sysroot=/home/aamir/.espressif/tools/xtensa-esp-elf/esp-15.2.0_20251204/xtensa-esp-elf/bin/../xtensa-esp-elf] ==> ignore
    arg [--dynconfig=xtensa_esp32.so] ==> ignore
    arg [-o] ==> ignore
    arg [cmTC_0b284] ==> ignore
    arg [/home/aamir/.espressif/tools/xtensa-esp-elf/esp-15.2.0_20251204/xtensa-esp-elf/bin/../lib/gcc/xtensa-esp-elf/15.2.0/../../../../xtensa-esp-elf/lib/esp32/crt0.o] ==> obj [/home/aamir/.espressif/tools/xtensa-esp-elf/esp-15.2.0_20251204/xtensa-esp-elf/bin/../lib/gcc/xtensa-esp-elf/15.2.0/../../../../xtensa-esp-elf/lib/esp32/crt0.o]
    arg [/home/aamir/.espressif/tools/xtensa-esp-elf/esp-15.2.0_20251204/xtensa-esp-elf/bin/../lib/gcc/xtensa-esp-elf/15.2.0/esp32/crti.o] ==> obj [/home/aamir/.espressif/tools/xtensa-esp-elf/esp-15.2.0_20251204/xtensa-esp-elf/bin/../lib/gcc/xtensa-esp-elf/15.2.0/esp32/crti.o]
    arg [/home/aamir/.espressif/tools/xtensa-esp-elf/esp-15.2.0_20251204/xtensa-esp-elf/bin/../lib/gcc/xtensa-esp-elf/15.2.0/esp32/crtbegin.o] ==> obj [/home/aamir/.espressif/tools/xtensa-esp-elf/esp-15.2.0_20251204/xtensa-esp-elf/bin/../lib/gcc/xtensa-esp-elf/15.2.0/esp32/crtbegin.o]
    arg [-L/home/aamir/.espressif/tools/xtensa-esp-elf/esp-15.2.0_20251204/xtensa-esp-elf/bin/../lib/gcc/xtensa-esp-elf/15.2.0/esp32] ==> dir [/home/aamir/.espressif/tools/xtensa-esp-elf/esp-15.2.0_20251204/xtensa-esp-elf/bin/../lib/gcc/xtensa-esp-elf/15.2.0/esp32]
    arg [-L/home/aamir/.espressif/tools/xtensa-esp-elf/esp-15.2.0_20251204/xtensa-esp-elf/bin/../lib/gcc/xtensa-esp-elf/15.2.0/../../../../xtensa-esp-elf/lib/esp32] ==> dir [/home/aamir/.espressif/tools/xtensa-esp-elf/esp-15.2.0_20251204/xtensa-esp-elf/bin/../lib/gcc/xtensa-esp-elf/15.2.0/../../../../xtensa-esp-elf/lib/esp32]
    arg [-L/home/aamir/.espressif/tools/xtensa-esp-elf/esp-15.2.0_20251204/xtensa-esp-elf/bin/../xtensa-esp-elf/lib/esp32] ==> dir [/home/aamir/.espressif/tools/xtensa-esp-elf/esp-15.2.0_20251204/xtensa-esp-elf/bin/../xtensa-esp-elf/lib/esp32]
    arg [-L/home/aamir/.espressif/tools/xtensa-esp-elf/esp-15.2.0_20251204/xtensa-esp-elf/bin/../lib/gcc/xtensa-esp-elf/15.2.0] ==> dir [/home/aamir/.espressif/tools/xtensa-esp-elf/esp-15.2.0_20251204/xtensa-esp-elf/bin/../lib/gcc/xtensa-esp-elf/15.2.0]
    arg [-L/home/aamir/.espressif/tools/xtensa-esp-elf/esp-15.2.0_20251204/xtensa-esp-elf/bin/../lib/gcc] ==> dir [/home/aamir/.espressif/tools/xtensa-esp-elf/esp-15.2.0_20251204/xtensa-esp-elf/bin/../lib/gcc]
    arg [-L/home/aamir/.espressif/tools/xtensa-esp-elf/esp-15.2.0_20251204/xtensa-esp-elf/bin/../lib/gcc/xtensa-esp-elf/15.2.0/../../../../xtensa-esp-elf/lib] ==> dir [/home/aamir/.espressif/tools/xtensa-esp-elf/esp-15.2.0_20251204/xtensa-esp-elf/bin/../lib/gcc/xtensa-esp-elf/15.2.0/../../../../xtensa-esp-elf/lib]
    arg [-L/home/aamir/.espressif/tools/xtensa-esp-elf/esp-15.2.0_20251204/xtensa-esp-elf/bin/../xtensa-esp-elf/lib] ==> dir [/home/aamir/.espressif/tools/xtensa-esp-elf/esp-15.2.0_20251204/xtensa-esp-elf/bin/../xtensa-esp-elf/lib]
    arg [-L/home/aamir/.espressif/tools/xtensa-esp-elf/esp-15.2.0_20251204/xtensa-esp-elf/bin/../xtensa-esp-elf/usr/lib] ==> dir [/home/aamir/.espressif/tools/xtensa-esp-elf/esp-15.2.0_20251204/xtensa-esp-elf/bin/../xtensa-esp-elf/usr/lib]
    arg [@/tmp/ccx7Tlr6] ==> ignore
    arg [-lgcc] ==> lib [gcc]
    arg [-lc] ==> lib [c]
    arg [-lnosys] ==> lib [nosys]
    arg [-lc] ==> lib [c]
    arg [-lgcc] ==> lib [gcc]
    arg [/home/aamir/.espressif/tools/xtensa-esp-elf/esp-15.2.0_20251204/xtensa-esp-elf/bin/../lib/gcc/xtensa-esp-elf/15.2.0/esp32/crtend.o] ==> obj [/home/aamir/.espressif/tools/xtensa-esp-elf/esp-15.2.0_20251204/xtensa-esp-elf/bin/../lib/gcc/xtensa-esp-elf/15.2.0/esp32/crtend.o]
    arg [/home/aamir/.espressif/tools/xtensa-esp-elf/esp-15.2.0_20251204/xtensa-esp-elf/bin/../lib/gcc/xtensa-esp-elf/15.2.0/esp32/crtn.o] ==> obj [/home/aamir/.espressif/tools/xtensa-esp-elf/esp-15.2.0_20251204/xtensa-esp-elf/bin/../lib/gcc/xtensa-esp-elf/15.2.0/esp32/crtn.o]
  collapse obj [/home/aamir/.espressif/tools/xtensa-esp-elf/esp-15.2.0_20251204/xtensa-esp-elf/bin/../lib/gcc/xtensa-esp-elf/15.2.0/../../../../xtensa-esp-elf/lib/esp32/crt0.o] ==> [/home/aamir/.espressif/tools/xtensa-esp-elf/esp-15.2.0_20251204/xtensa-esp-elf/xtensa-esp-elf/lib/esp32/crt0.o]
  collapse obj [/home/aamir/.espressif/tools/xtensa-esp-elf/esp-15.2.0_20251204/xtensa-esp-elf/bin/../lib/gcc/xtensa-esp-elf/15.2.0/esp32/crti.o] ==> [/home/aamir/.espressif/tools/xtensa-esp-elf/esp-15.2.0_20251204/xtensa-esp-elf/lib/gcc/xtensa-esp-elf/15.2.0/esp32/crti.o]
  collapse obj [/home/aamir/.espressif/tools/xtensa-esp-elf/esp-15.2.0_20251204/xtensa-esp-elf/bin/../lib/gcc/xtensa-esp-elf/15.2.0/esp32/crtbegin.o] ==> [/home/aamir/.espressif/tools/xtensa-esp-elf/esp-15.2.0_20251204/xtensa-esp-elf/lib/gcc/xtensa-esp-elf/15.2.0/esp32/crtbegin.o]
  collapse obj [/home/aamir/.espressif/tools/xtensa-esp-elf/esp-15.2.0_20251204/xtensa-esp-elf/bin/../lib/gcc/xtensa-esp-elf/15.2.0/esp32/crtend.o] ==> [/home/aamir/.espressif/tools/xtensa-esp-elf/esp-15.2.0_20251204/xtensa-esp-elf/lib/gcc/xtensa-esp-elf/15.2.0/esp32/crtend.o]
  collapse obj [/home/aamir/.espressif/tools/xtensa-esp-elf/esp-15.2.0_20251204/xtensa-esp-elf/bin/../lib/gcc/xtensa-esp-elf/15.2.0/esp32/crtn.o] ==> [/home/aamir/.espressif/tools/xtensa-esp-elf/esp-15.2.0_20251204/xtensa-esp-elf/lib/gcc/xtensa-esp-elf/15.2.0/esp32/crtn.o]
  collapse library dir [/home/aamir/.espressif/tools/xtensa-esp-elf/esp-15.2.0_20251204/xtensa-esp-elf/bin/../lib/gcc/xtensa-esp-elf/15.2.0/esp32] ==> [/home/aamir/.espressif/tools/xtensa-esp-elf/esp-15.2.0_20251204/xtensa-esp-elf/lib/gcc/xtensa-esp-elf/15.2.0/esp32]
  collapse library dir [/home/aamir/.espressif/tools/xtensa-esp-elf/esp-15.2.0_20251204/xtensa-esp-elf/bin/../lib/gcc/xtensa-esp-elf/15.2.0/../../../../xtensa-esp-elf/lib/esp32] ==> [/home/aamir/.espressif/tools/xtensa-esp-elf/esp-15.2.0_20251204/xtensa-esp-elf/xtensa-esp-elf/lib/esp32]
  collapse library dir [/home/aamir/.espressif/tools/xtensa-esp-elf/esp-15.2.0_20251204/xtensa-esp-elf/bin/../xtensa-esp-elf/lib/esp32] ==> [/home/aamir/.espressif/tools/xtensa-esp-elf/esp-15.2.0_20251204/xtensa-esp-elf/xtensa-esp-elf/lib/esp32]
  collapse library dir [/home/aamir/.espressif/tools/xtensa-esp-elf/esp-15.2.0_20251204/xtensa-esp-elf/bin/../lib/gcc/xtensa-esp-elf/15.2.0] ==> [/home/aamir/.espressif/tools/xtensa-esp-elf/esp-15.2.0_20251204/xtensa-esp-elf/lib/gcc/xtensa-esp-elf/15.2.0]
  collapse library dir [/home/aamir/.espressif/tools/xtensa-esp-elf/esp-15.2.0_20251204/xtensa-esp-elf/bin/../lib/gcc] ==> [/home/aamir/.espressif/tools/xtensa-esp-elf/esp-15.2.0_20251204/xtensa-esp-elf/lib/gcc]
  collapse library dir [/home/aamir/.espressif/tools/xtensa-esp-elf/esp-15.2.0_20251204/xtensa-esp-elf/bin/../lib/gcc/xtensa-esp-elf/15.2.0/../../../../xtensa-esp-elf/lib] ==> [/home/aamir/.espressif/tools/xtensa-esp-elf/esp-15.2.0_20251204/xtensa-esp-elf/xtensa-esp-elf/lib]
  collapse library dir [/home/aamir/.espressif/tools/xtensa-esp-elf/esp-15.2.0_20251204/xtensa-esp-elf/bin/../xtensa-esp-elf/lib] ==> [/home/aamir/.espressif/tools/xtensa-esp-elf/esp-15.2.0_20251204/xtensa-esp-elf/xtensa-esp-elf/lib]
  collapse library dir [/home/aamir/.espressif/tools/xtensa-esp-elf/esp-15.2.0_20251204/xtensa-esp-elf/bin/../xtensa-esp-elf/usr/lib] ==> [/home/aamir/.espressif/tools/xtensa-esp-elf/esp-15.2.0_20251204/xtensa-esp-elf/xtensa-esp-elf/usr/lib]
  implicit libs: [gcc;c;nosys;c;gcc]
  implicit objs: [/home/aamir/.espressif/tools/xtensa-esp-elf/esp-15.2.0_20251204/xtensa-esp-elf/xtensa-esp-elf/lib/esp32/crt0.o;/home/aamir/.espressif/tools/xtensa-esp-elf/esp-15.2.0_20251204/xtensa-esp-elf/lib/gcc/xtensa-esp-elf/15.2.0/esp32/crti.o;/home/aamir/.espressif/tools/xtensa-esp-elf/esp-15.2.0_20251204/xtensa-esp-elf/lib/gcc/xtensa-esp-elf/15.2.0/esp32/crtbegin.o;/home/aamir/.espressif/tools/xtensa-esp-elf/esp-15.2.0_20251204/xtensa-esp-elf/lib/gcc/xtensa-esp-elf/15.2.0/esp32/crtend.o;/home/aamir/.espressif/tools/xtensa-esp-elf/esp-15.2.0_20251204/xtensa-esp-elf/lib/gcc/xtensa-esp-elf/15.2.0/esp32/crtn.o]
  implicit dirs: [/home/aamir/.espressif/tools/xtensa-esp-elf/esp-15.2.0_20251204/xtensa-esp-elf/lib/gcc/xtensa-esp-elf/15.2.0/esp32;/home/aamir/.espressif/tools/xtensa-esp-elf/esp-15.2.0_20251204/xtensa-esp-elf/xtensa-esp-elf/lib/esp32;/home/aamir/.espressif/tools/xtensa-esp-elf/esp-15.2.0_20251204/xtensa-esp-elf/lib/gcc/xtensa-esp-elf/15.2.0;/home/aamir/.espressif/tools/xtensa-esp-elf/esp-15.2.0_20251204/xtensa-esp-elf/lib/gcc;/home/aamir/.espressif/tools/xtensa-esp-elf/esp-15.2.0_20251204/xtensa-esp-elf/xtensa-esp-elf/lib;/home/aamir/.espressif/tools/xtensa-esp-elf/esp-15.2.0_20251204/xtensa-esp-elf/xtensa-esp-elf/usr/lib]
  implicit fwks: []


Detecting C compiler ABI info compiled with the following output:
Change Dir: /home/aamir/Projects/thermostat/build/bootloader/CMakeFiles/CMakeTmp

Run Build Command(s):/home/aamir/.espressif/tools/ninja/1.12.1/ninja cmTC_162e0 && [1/2] Building C object CMakeFiles/cmTC_162e0.dir/CMakeCCompilerABI.c.obj
Using built-in specs.
Reading specs from /home/aamir/Projects/thermostat/build/bootloader/specs/picolibc.specs
rename spec link to picolibc_link
rename spec link_libgcc to picolibc_link_libgcc
rename spec cpp to picolibc_cpp
rename spec cc1 to picolibc_cc1
rename spec cc1plus to picolibc_cc1plus
COLLECT_GCC=/home/aamir/.espressif/tools/xtensa-esp-elf/esp-15.2.0_20251204/xtensa-esp-elf/bin/xtensa-esp-elf-gcc
Target: xtensa-esp-elf
Configured with: /builds/idf/crosstool-NG/.build/xtensa-esp-elf/src/gcc/configure --build=x86_64-build_pc-linux-gnu --host=x86_64-build_pc-linux-gnu --target=xtensa-esp-elf --prefix=/builds/idf/crosstool-NG/builds/xtensa-esp-elf --exec_prefix=/builds/idf/crosstool-NG/builds/xtensa-esp-elf --with-local-prefix=/builds/idf/crosstool-NG/builds/xtensa-esp-elf/xtensa-esp-elf --with-sysroot=/builds/idf/crosstool-NG/builds/xtensa-esp-elf/xtensa-esp-elf --with-native-system-header-dir=/include --with-headers=/builds/idf/crosstool-NG/builds/xtensa-esp-elf/xtensa-esp-elf/include --with-newlib --enable-threads=no --disable-shared --with-pkgversion='crosstool-NG esp-15.2.0_20251204' --disable-__cxa_atexit --enable-cxx-flags='-ffunction-sections -fdata-sections' --disable-libgomp --disable-libmudflap --disable-libmpx --disable-libssp --disable-libquadmath --disable-libquadmath-support --disable-libstdcxx-verbose --with-gmp=/builds/idf/crosstool-NG/.build/xtensa-esp-elf/buildtools --with-mpfr=/builds/idf/crosstool-NG/.build/xtensa-esp-elf/buildtools --with-mpc=/builds/idf/crosstool-NG/.build/xtensa-esp-elf/buildtools --with-isl=/builds/idf/crosstool-NG/.build/xtensa-esp-elf/buildtools --enable-lto --enable-target-optspace --without-long-double-128 --enable-plugin --disable-nls --enable-multiarch --enable-languages=c,c++ --disable-libstdcxx-verbose --enable-threads=posix --enable-libstdcxx-time=yes --disable-win32-utf8-manifest
Thread model: posix
Supported LTO compression algorithms: zlib zstd
gcc version 15.2.0 (crosstool-NG esp-15.2.0_20251204) 
COLLECT_GCC_OPTIONS='-mdynconfig=xtensa_esp32.so' '-specs=/home/aamir/Projects/thermostat/build/bootloader/specs/picolibc.specs' '-v' '-o' 'CMakeFiles/cmTC_162e0.dir/CMakeCCompilerABI.c.obj' '-c' '-dumpdir' 'CMakeFiles/cmTC_162e0.dir/'
 /home/aamir/.espressif/tools/xtensa-esp-elf/esp-15.2.0_20251204/xtensa-esp-elf/bin/../libexec/gcc/xtensa-esp-elf/15.2.0/cc1 -quiet -v -imultilib esp32 -iprefix /home/aamir/.espressif/tools/xtensa-esp-elf/esp-15.2.0_20251204/xtensa-esp-elf/bin/../lib/gcc/xtensa-esp-elf/15.2.0/ -isysroot /home/aamir/.espressif/tools/xtensa-esp-elf/esp-15.2.0_20251204/xtensa-esp-elf/bin/../xtensa-esp-elf -isystem /home/aamir/.espressif/tools/xtensa-esp-elf/esp-15.2.0_20251204/xtensa-esp-elf/bin/../xtensa-esp-elf/../picolibc/include -isystem /home/aamir/.espressif/tools/xtensa-esp-elf/esp-15.2.0_20251204/xtensa-esp-elf/bin/../xtensa-esp-elf/../picolibc/include/../xtensa-esp-elf/include/c++/15.2.0/xtensa-esp-elf/esp32 /usr/share/cmake-3.22/Modules/CMakeCCompilerABI.c -ftls-model=local-exec -quiet -dumpdir CMakeFiles/cmTC_162e0.dir/ -dumpbase CMakeCCompilerABI.c.c -dumpbase-ext .c -mdynconfig=xtensa_esp32.so -version -o /tmp/ccgOcLJ5.s
GNU C23 (crosstool-NG esp-15.2.0_20251204) version 15.2.0 (xtensa-esp-elf)
	compiled by GNU C version 6.3.0, GMP version 6.3.0, MPFR version 4.2.1, MPC version 1.3.1, isl version isl-0.26-GMP

GGC heuristics: --param ggc-min-expand=100 --param ggc-min-heapsize=131072
ignoring duplicate directory "/home/aamir/.espressif/tools/xtensa-esp-elf/esp-15.2.0_20251204/xtensa-esp-elf/bin/../lib/gcc/../../lib/gcc/xtensa-esp-elf/15.2.0/include"
ignoring nonexistent directory "/home/aamir/.espressif/tools/xtensa-esp-elf/esp-15.2.0_20251204/xtensa-esp-elf/bin/../xtensa-esp-elf/builds/idf/crosstool-NG/builds/xtensa-esp-elf/xtensa-esp-elf/include"
ignoring duplicate directory "/home/aamir/.espressif/tools/xtensa-esp-elf/esp-15.2.0_20251204/xtensa-esp-elf/bin/../lib/gcc/../../lib/gcc/xtensa-esp-elf/15.2.0/include-fixed"
ignoring duplicate directory "/home/aamir/.espressif/tools/xtensa-esp-elf/esp-15.2.0_20251204/xtensa-esp-elf/bin/../lib/gcc/../../lib/gcc/xtensa-esp-elf/15.2.0/../../../../xtensa-esp-elf/include"
ignoring duplicate directory "/home/aamir/.espressif/tools/xtensa-esp-elf/esp-15.2.0_20251204/xtensa-esp-elf/bin/../xtensa-esp-elf/include"
#include "..." search starts here:
#include <...> search starts here:
 /home/aamir/.espressif/tools/xtensa-esp-elf/esp-15.2.0_20251204/xtensa-esp-elf/bin/../xtensa-esp-elf/../picolibc/include
 /home/aamir/.espressif/tools/xtensa-esp-elf/esp-15.2.0_20251204/xtensa-esp-elf/bin/../xtensa-esp-elf/../picolibc/include/../xtensa-esp-elf/include/c++/15.2.0/xtensa-esp-elf/esp32
 /home/aamir/.espressif/tools/xtensa-esp-elf/esp-15.2.0_20251204/xtensa-esp-elf/bin/../lib/gcc/xtensa-esp-elf/15.2.0/include
 /home/aamir/.espressif/tools/xtensa-esp-elf/esp-15.2.0_20251204/xtensa-esp-elf/bin/../lib/gcc/xtensa-esp-elf/15.2.0/include-fixed
 /home/aamir/.espressif/tools/xtensa-esp-elf/esp-15.2.0_20251204/xtensa-esp-elf/bin/../lib/gcc/xtensa-esp-elf/15.2.0/../../../../xtensa-esp-elf/include
End of search list.
Compiler executable checksum: 023236c824ceaa5629805e8d1b1d2049
COLLECT_GCC_OPTIONS='-mdynconfig=xtensa_esp32.so' '-specs=/home/aamir/Projects/thermostat/build/bootloader/specs/picolibc.specs' '-v' '-o' 'CMakeFiles/cmTC_162e0.dir/CMakeCCompilerABI.c.obj' '-c' '-dumpdir' 'CMakeFiles/cmTC_162e0.dir/'
 /home/aamir/.espressif/tools/xtensa-esp-elf/esp-15.2.0_20251204/xtensa-esp-elf/bin/../lib/gcc/xtensa-esp-elf/15.2.0/../../../../xtensa-esp-elf/bin/as --traditional-format --dynconfig=xtensa_esp32.so -o CMakeFiles/cmTC_162e0.dir/CMakeCCompilerABI.c.obj /tmp/ccgOcLJ5.s
COMPILER_PATH=/home/aamir/.espressif/tools/xtensa-esp-elf/esp-15.2.0_20251204/xtensa-esp-elf/bin/../libexec/gcc/xtensa-esp-elf/15.2.0/:/home/aamir/.espressif/tools/xtensa-esp-elf/esp-15.2.0_20251204/xtensa-esp-elf/bin/../libexec/gcc/:/home/aamir/.espressif/tools/xtensa-esp-elf/esp-15.2.0_20251204/xtensa-esp-elf/bin/../lib/gcc/xtensa-esp-elf/15.2.0/../../../../xtensa-esp-elf/bin/
LIBRARY_PATH=/home/aamir/.espressif/tools/xtensa-esp-elf/esp-15.2.0_20251204/xtensa-esp-elf/bin/../lib/gcc/xtensa-esp-elf/15.2.0/esp32/:/home/aamir/.espressif/tools/xtensa-esp-elf/esp-15.2.0_20251204/xtensa-esp-elf/bin/../lib/gcc/xtensa-esp-elf/15.2.0/../../../../xtensa-esp-elf/lib/esp32/:/home/aamir/.espressif/tools/xtensa-esp-elf/esp-15.2.0_20251204/xtensa-esp-elf/bin/../xtensa-esp-elf/lib/esp32/:/home/aamir/.espressif/tools/xtensa-esp-elf/esp-15.2.0_20251204/xtensa-esp-elf/bin/../lib/gcc/xtensa-esp-elf/15.2.0/:/home/aamir/.espressif/tools/xtensa-esp-elf/esp-15.2.0_20251204/xtensa-esp-elf/bin/../lib/gcc/:/home/aamir/.espressif/tools/xtensa-esp-elf/esp-15.2.0_20251204/xtensa-esp-elf/bin/../lib/gcc/xtensa-esp-elf/15.2.0/../../../../xtensa-esp-elf/lib/:/home/aamir/.espressif/tools/xtensa-esp-elf/esp-15.2.0_20251204/xtensa-esp-elf/bin/../xtensa-esp-elf/lib/:/home/aamir/.espressif/tools/xtensa-esp-elf/esp-15.2.0_20251204/xtensa-esp-elf/bin/../xtensa-esp-elf/usr/lib/
COLLECT_GCC_OPTIONS='-mdynconfig=xtensa_esp32.so' '-specs=/home/aamir/Projects/thermostat/build/bootloader/specs/picolibc.specs' '-v' '-o' 'CMakeFiles/cmTC_162e0.dir/CMakeCCompilerABI.c.obj' '-c' '-dumpdir' 'CMakeFiles/cmTC_162e0.dir/CMakeCCompilerABI.c.'
[2/2] Linking C executable cmTC_162e0
Using built-in specs.
Reading specs from /home/aamir/Projects/thermostat/build/bootloader/specs/picolibc.specs
rename spec link to picolibc_link
rename spec link_libgcc to picolibc_link_libgcc
rename spec cpp to picolibc_cpp
rename spec cc1 to picolibc_cc1
rename spec cc1plus to picolibc_cc1plus
COLLECT_GCC=/home/aamir/.espressif/tools/xtensa-esp-elf/esp-15.2.0_20251204/xtensa-esp-elf/bin/xtensa-esp-elf-gcc
COLLECT_LTO_WRAPPER=/home/aamir/.espressif/tools/xtensa-esp-elf/esp-15.2.0_20251204/xtensa-esp-elf/bin/../libexec/gcc/xtensa-esp-elf/15.2.0/lto-wrapper
Target: xtensa-esp-elf
Configured with: /builds/idf/crosstool-NG/.build/xtensa-esp-elf/src/gcc/configure --build=x86_64-build_pc-linux-gnu --host=x86_64-build_pc-linux-gnu --target=xtensa-esp-elf --prefix=/builds/idf/crosstool-NG/builds/xtensa-esp-elf --exec_prefix=/builds/idf/crosstool-NG/builds/xtensa-esp-elf --with-local-prefix=/builds/idf/crosstool-NG/builds/xtensa-esp-elf/xtensa-esp-elf --with-sysroot=/builds/idf/crosstool-NG/builds/xtensa-esp-elf/xtensa-esp-elf --with-native-system-header-dir=/include --with-headers=/builds/idf/crosstool-NG/builds/xtensa-esp-elf/xtensa-esp-elf/include --with-newlib --enable-threads=no --disable-shared --with-pkgversion='crosstool-NG esp-15.2.0_20251204' --disable-__cxa_atexit --enable-cxx-flags='-ffunction-sections -fdata-sections' --disable-libgomp --disable-libmudflap --disable-libmpx --disable-libssp --disable-libquadmath --disable-libquadmath-support --disable-libstdcxx-verbose --with-gmp=/builds/idf/crosstool-NG/.build/xtensa-esp-elf/buildtools --with-mpfr=/builds/idf/crosstool-NG/.build/xtensa-esp-elf/buildtools --with-mpc=/builds/idf/crosstool-NG/.build/xtensa-esp-elf/buildtools --with-isl=/builds/idf/crosstool-NG/.build/xtensa-esp-elf/buildtools --enable-lto --enable-target-optspace --without-long-double-128 --enable-plugin --disable-nls --enable-multiarch --enable-languages=c,c++ --disable-libstdcxx-verbose --enable-threads=posix --enable-libstdcxx-time=yes --disable-win32-utf8-manifest
Thread model: posix
Supported LTO compression algorithms: zlib zstd
gcc version 15.2.0 (crosstool-NG esp-15.2.0_20251204) 
COMPILER_PATH=/home/aamir/.espressif/tools/xtensa-esp-elf/esp-15.2.0_20251204/xtensa-esp-elf/bin/../libexec/gcc/xtensa-esp-elf/15.2.0/:/home/aamir/.espressif/tools/xtensa-esp-elf/esp-15.2.0_20251204/xtensa-esp-elf/bin/../libexec/gcc/:/home/aamir/.espressif/tools/xtensa-esp-elf/esp-15.2.0_20251204/xtensa-esp-elf/bin/../lib/gcc/xtensa-esp-elf/15.2.0/../../../../xtensa-esp-elf/bin/
LIBRARY_PATH=/home/aamir/.espressif/tools/xtensa-esp-elf/esp-15.2.0_20251204/xtensa-esp-elf/bin/../lib/gcc/xtensa-esp-elf/15.2.0/esp32/:/home/aamir/.espressif/tools/xtensa-esp-elf/esp-15.2.0_20251204/xtensa-esp-elf/bin/../lib/gcc/xtensa-esp-elf/15.2.0/../../../../xtensa-esp-elf/lib/esp32/:/home/aamir/.espressif/tools/xtensa-esp-elf/esp-15.2.0_20251204/xtensa-esp-elf/bin/../xtensa-esp-elf/lib/esp32/:/home/aamir/.espressif/tools/xtensa-esp-elf/esp-15.2.0_20251204/xtensa-esp-elf/bin/../lib/gcc/xtensa-esp-elf/15.2.0/:/home/aamir/.espressif/tools/xtensa-esp-elf/esp-15.2.0_20251204/xtensa-esp-elf/bin/../lib/gcc/:/home/aamir/.espressif/tools/xtensa-esp-elf/esp-15.2.0_20251204/xtensa-esp-elf/bin/../lib/gcc/xtensa-esp-elf/15.2.0/../../../../xtensa-esp-elf/lib/:/home/aamir/.espressif/tools/xtensa-esp-elf/esp-15.2.0_20251204/xtensa-esp-elf/bin/../xtensa-esp-elf/lib/:/home/aamir/.espressif/tools/xtensa-esp-elf/esp-15.2.0_20251204/xtensa-esp-elf/bin/../xtensa-esp-elf/usr/lib/
COLLECT_GCC_OPTIONS='-mdynconfig=xtensa_esp32.so' '-specs=/home/aamir/Projects/thermostat/build/bootloader/specs/picolibc.specs' '-v' '-o' 'cmTC_162e0' '-dumpdir' 'cmTC_162e0.'
 /home/aamir/.espressif/tools/xtensa-esp-elf/esp-15.2.0_20251204/xtensa-esp-elf/bin/../libexec/gcc/xtensa-esp-elf/15.2.0/collect2 -plugin /home/aamir/.espressif/tools/xtensa-esp-elf/esp-15.2.0_20251204/xtensa-esp-elf/bin/../libexec/gcc/xtensa-esp-elf/15.2.0/liblto_plugin.so -plugin-opt=/home/aamir/.espressif/tools/xtensa-esp-elf/esp-15.2.0_20251204/xtensa-esp-elf/bin/../libexec/gcc/xtensa-esp-elf/15.2.0/lto-wrapper -plugin-opt=-fresolution=/tmp/ccJRVvnB.res -plugin-opt=-pass-through=-lgcc -plugin-opt=-pass-through=-lgcc -plugin-opt=-pass-through=-lc -plugin-opt=-pass-through=-lgcc -L/home/aamir/.espressif/tools/xtensa-esp-elf/esp-15.2.0_20251204/xtensa-esp-elf/bin/../xtensa-esp-elf/../picolibc/xtensa-esp-elf/lib/esp32 -L/home/aamir/.espressif/tools/xtensa-esp-elf/esp-15.2.0_20251204/xtensa-esp-elf/bin/../xtensa-esp-elf/../picolibc/xtensa-esp-elf/lib -Tpicolibc.ld --sysroot=/home/aamir/.espressif/tools/xtensa-esp-elf/esp-15.2.0_20251204/xtensa-esp-elf/bin/../xtensa-esp-elf --dynconfig=xtensa_esp32.so -o cmTC_162e0 /home/aamir/.espressif/tools/xtensa-esp-elf/esp-15.2.0_20251204/xtensa-esp-elf/bin/../xtensa-esp-elf/../picolibc/xtensa-esp-elf/lib/esp32/crt0.o -L/home/aamir/.espressif/tools/xtensa-esp-elf/esp-15.2.0_20251204/xtensa-esp-elf/bin/../xtensa-esp-elf/../picolibc/lib/gcc/xtensa-esp-elf/15.2.0/esp32 -L/home/aamir/.espressif/tools/xtensa-esp-elf/esp-15.2.0_20251204/xtensa-esp-elf/bin/../xtensa-esp-elf/../picolibc/lib/gcc/xtensa-esp-elf/15.2.0 -L/home/aamir/.espressif/tools/xtensa-esp-elf/esp-15.2.0_20251204/xtensa-esp-elf/bin/../lib/gcc/xtensa-esp-elf/15.2.0/esp32 -L/home/aamir/.espressif/tools/xtensa-esp-elf/esp-15.2.0_20251204/xtensa-esp-elf/bin/../lib/gcc/xtensa-esp-elf/15.2.0/../../../../xtensa-esp-elf/lib/esp32 -L/home/aamir/.espressif/tools/xtensa-esp-elf/esp-15.2.0_20251204/xtensa-esp-elf/bin/../xtensa-esp-elf/lib/esp32 -L/home/aamir/.espressif/tools/xtensa-esp-elf/esp-15.2.0_20251204/xtensa-esp-elf/bin/../lib/gcc/xtensa-esp-elf/15.2.0 -L/home/aamir/.espressif/tools/xtensa-esp-elf/esp-15.2.0_20251204/xtensa-esp-elf/bin/../lib/gcc -L/home/aamir/.espressif/tools/xtensa-esp-elf/esp-15.2.0_20251204/xtensa-esp-elf/bin/../lib/gcc/xtensa-esp-elf/15.2.0/../../../../xtensa-esp-elf/lib -L/home/aamir/.espressif/tools/xtensa-esp-elf/esp-15.2.0_20251204/xtensa-esp-elf/bin/../xtensa-esp-elf/lib -L/home/aamir/.espressif/tools/xtensa-esp-elf/esp-15.2.0_20251204/xtensa-esp-elf/bin/../xtensa-esp-elf/usr/lib @/tmp/ccbTS1Fs -lgcc --start-group -lgcc -lc --end-group -lgcc
COLLECT_GCC_OPTIONS='-mdynconfig=xtensa_esp32.so' '-specs=/home/aamir/Projects/thermostat/build/bootloader/specs/picolibc.specs' '-v' '-o' 'cmTC_162e0' '-dumpdir' 'cmTC_162e0.'



Parsed C implicit include dir info from above output: rv=done
  found start of include info
  found start of implicit include info
    add: [/home/aamir/.espressif/tools/xtensa-esp-elf/esp-15.2.0_20251204/xtensa-esp-elf/bin/../xtensa-esp-elf/../picolibc/include]
    add: [/home/aamir/.espressif/tools/xtensa-esp-elf/esp-15.2.0_20251204/xtensa-esp-elf/bin/../xtensa-esp-elf/../picolibc/include/../xtensa-esp-elf/include/c++/15.2.0/xtensa-esp-elf/esp32]
    add: [/home/aamir/.espressif/tools/xtensa-esp-elf/esp-15.2.0_20251204/xtensa-esp-elf/bin/../lib/gcc/xtensa-esp-elf/15.2.0/include]
    add: [/home/aamir/.espressif/tools/xtensa-esp-elf/esp-15.2.0_20251204/xtensa-esp-elf/bin/../lib/gcc/xtensa-esp-elf/15.2.0/include-fixed]
    add: [/home/aamir/.espressif/tools/xtensa-esp-elf/esp-15.2.0_20251204/xtensa-esp-elf/bin/../lib/gcc/xtensa-esp-elf/15.2.0/../../../../xtensa-esp-elf/include]
  end of search list found
  collapse include dir [/home/aamir/.espressif/tools/xtensa-esp-elf/esp-15.2.0_20251204/xtensa-esp-elf/bin/../xtensa-esp-elf/../picolibc/include] ==> [/home/aamir/.espressif/tools/xtensa-esp-elf/esp-15.2.0_20251204/xtensa-esp-elf/picolibc/include]
  collapse include dir [/home/aamir/.espressif/tools/xtensa-esp-elf/esp-15.2.0_20251204/xtensa-esp-elf/bin/../xtensa-esp-elf/../picolibc/include/../xtensa-esp-elf/include/c++/15.2.0/xtensa-esp-elf/esp32] ==> [/home/aamir/.espressif/tools/xtensa-esp-elf/esp-15.2.0_20251204/xtensa-esp-elf/picolibc/xtensa-esp-elf/include/c++/15.2.0/xtensa-esp-elf/esp32]
  collapse include dir [/home/aamir/.espressif/tools/xtensa-esp-elf/esp-15.2.0_20251204/xtensa-esp-elf/bin/../lib/gcc/xtensa-esp-elf/15.2.0/include] ==> [/home/aamir/.espressif/tools/xtensa-esp-elf/esp-15.2.0_20251204/xtensa-esp-elf/lib/gcc/xtensa-esp-elf/15.2.0/include]
  collapse include dir [/home/aamir/.espressif/tools/xtensa-esp-elf/esp-15.2.0_20251204/xtensa-esp-elf/bin/../lib/gcc/xtensa-esp-elf/15.2.0/include-fixed] ==> [/home/aamir/.espressif/tools/xtensa-esp-elf/esp-15.2.0_20251204/xtensa-esp-elf/lib/gcc/xtensa-esp-elf/15.2.0/include-fixed]
  collapse include dir [/home/aamir/.espressif/tools/xtensa-esp-elf/esp-15.2.0_20251204/xtensa-esp-elf/bin/../lib/gcc/xtensa-esp-elf/15.2.0/../../../../xtensa-esp-elf/include] ==> [/home/aamir/.espressif/tools/xtensa-esp-elf/esp-15.2.0_20251204/xtensa-esp-elf/xtensa-esp-elf/include]
  implicit include dirs: [/home/aamir/.espressif/tools/xtensa-esp-elf/esp-15.2.0_20251204/xtensa-esp-elf/picolibc/include;/home/aamir/.espressif/tools/xtensa-esp-elf/esp-15.2.0_20251204/xtensa-esp-elf/picolibc/xtensa-esp-elf/include/c++/15.2.0/xtensa-esp-elf/esp32;/home/aamir/.espressif/tools/xtensa-esp-elf/esp-15.2.0_20251204/xtensa-esp-elf/lib/gcc/xtensa-esp-elf/15.2.0/include;/home/aamir/.espressif/tools/xtensa-esp-elf/esp-15.2.0_20251204/xtensa-esp-elf/lib/gcc/xtensa-esp-elf/15.2.0/include-fixed;/home/aamir/.espressif/tools/xtensa-esp-elf/esp-15.2.0_20251204/xtensa-esp-elf/xtensa-esp-elf/include]


Parsed C implicit link information from above output:
  link line regex: [^( *|.*[/\])(xtensa-esp32-elf-ld|CMAKE_LINK_STARTFILE-NOTFOUND|([^/\]+-)?ld|collect2)[^/\]*( |$)]
  ignore line: [Change Dir: /home/aamir/Projects/thermostat/build/bootloader/CMakeFiles/CMakeTmp]
  ignore line: []
  ignore line: [Run Build Command(s):/home/aamir/.espressif/tools/ninja/1.12.1/ninja cmTC_162e0 && [1/2] Building C object CMakeFiles/cmTC_162e0.dir/CMakeCCompilerABI.c.obj]
  ignore line: [Using built-in specs.]
  ignore line: [Reading specs from /home/aamir/Projects/thermostat/build/bootloader/specs/picolibc.specs]
  ignore line: [rename spec link to picolibc_link]
  ignore line: [rename spec link_libgcc to picolibc_link_libgcc]
  ignore line: [rename spec cpp to picolibc_cpp]
  ignore line: [rename spec cc1 to picolibc_cc1]
  ignore line: [rename spec cc1plus to picolibc_cc1plus]
  ignore line: [COLLECT_GCC=/home/aamir/.espressif/tools/xtensa-esp-elf/esp-15.2.0_20251204/xtensa-esp-elf/bin/xtensa-esp-elf-gcc]
  ignore line: [Target: xtensa-esp-elf]
  ignore line: [Configured with: /builds/idf/crosstool-NG/.build/xtensa-esp-elf/src/gcc/configure --build=x86_64-build_pc-linux-gnu --host=x86_64-build_pc-linux-gnu --target=xtensa-esp-elf --prefix=/builds/idf/crosstool-NG/builds/xtensa-esp-elf --exec_prefix=/builds/idf/crosstool-NG/builds/xtensa-esp-elf --with-local-prefix=/builds/idf/crosstool-NG/builds/xtensa-esp-elf/xtensa-esp-elf --with-sysroot=/builds/idf/crosstool-NG/builds/xtensa-esp-elf/xtensa-esp-elf --with-native-system-header-dir=/include --with-headers=/builds/idf/crosstool-NG/builds/xtensa-esp-elf/xtensa-esp-elf/include --with-newlib --enable-threads=no --disable-shared --with-pkgversion='crosstool-NG esp-15.2.0_20251204' --disable-__cxa_atexit --enable-cxx-flags='-ffunction-sections -fdata-sections' --disable-libgomp --disable-libmudflap --disable-libmpx --disable-libssp --disable-libquadmath --disable-libquadmath-support --disable-libstdcxx-verbose --with-gmp=/builds/idf/crosstool-NG/.build/xtensa-esp-elf/buildtools --with-mpfr=/builds/idf/crosstool-NG/.build/xtensa-esp-elf/buildtools --with-mpc=/builds/idf/crosstool-NG/.build/xtensa-esp-elf/buildtools --with-isl=/builds/idf/crosstool-NG/.build/xtensa-esp-elf/buildtools --enable-lto --enable-target-optspace --without-long-double-128 --enable-plugin --disable-nls --enable-multiarch --enable-languages=c c++ --disable-libstdcxx-verbose --enable-threads=posix --enable-libstdcxx-time=yes --disable-win32-utf8-manifest]
  ignore line: [Thread model: posix]
  ignore line: [Supported LTO compression algorithms: zlib zstd]
  ignore line: [gcc version 15.2.0 (crosstool-NG esp-15.2.0_20251204) ]
  ignore line: [COLLECT_GCC_OPTIONS='-mdynconfig=xtensa_esp32.so' '-specs=/home/aamir/Projects/thermostat/build/bootloader/specs/picolibc.specs' '-v' '-o' 'CMakeFiles/cmTC_162e0.dir/CMakeCCompilerABI.c.obj' '-c' '-dumpdir' 'CMakeFiles/cmTC_162e0.dir/']
  ignore line: [ /home/aamir/.espressif/tools/xtensa-esp-elf/esp-15.2.0_20251204/xtensa-esp-elf/bin/../libexec/gcc/xtensa-esp-elf/15.2.0/cc1 -quiet -v -imultilib esp32 -iprefix /home/aamir/.espressif/tools/xtensa-esp-elf/esp-15.2.0_20251204/xtensa-esp-elf/bin/../lib/gcc/xtensa-esp-elf/15.2.0/ -isysroot /home/aamir/.espressif/tools/xtensa-esp-elf/esp-15.2.0_20251204/xtensa-esp-elf/bin/../xtensa-esp-elf -isystem /home/aamir/.espressif/tools/xtensa-esp-elf/esp-15.2.0_20251204/xtensa-esp-elf/bin/../xtensa-esp-elf/../picolibc/include -isystem /home/aamir/.espressif/tools/xtensa-esp-elf/esp-15.2.0_20251204/xtensa-esp-elf/bin/../xtensa-esp-elf/../picolibc/include/../xtensa-esp-elf/include/c++/15.2.0/xtensa-esp-elf/esp32 /usr/share/cmake-3.22/Modules/CMakeCCompilerABI.c -ftls-model=local-exec -quiet -dumpdir CMakeFiles/cmTC_162e0.dir/ -dumpbase CMakeCCompilerABI.c.c -dumpbase-ext .c -mdynconfig=xtensa_esp32.so -version -o /tmp/ccgOcLJ5.s]
  ignore line: [GNU C23 (crosstool-NG esp-15.2.0_20251204) version 15.2.0 (xtensa-esp-elf)]
  ignore line: [	compiled by GNU C version 6.3.0  GMP version 6.3.0  MPFR version 4.2.1  MPC version 1.3.1  isl version isl-0.26-GMP]
  ignore line: []
  ignore line: [GGC heuristics: --param ggc-min-expand=100 --param ggc-min-heapsize=131072]
  ignore line: [ignoring duplicate directory "/home/aamir/.espressif/tools/xtensa-esp-elf/esp-15.2.0_20251204/xtensa-esp-elf/bin/../lib/gcc/../../lib/gcc/xtensa-esp-elf/15.2.0/include"]
  ignore line: [ignoring nonexistent directory "/home/aamir/.espressif/tools/xtensa-esp-elf/esp-15.2.0_20251204/xtensa-esp-elf/bin/../xtensa-esp-elf/builds/idf/crosstool-NG/builds/xtensa-esp-elf/xtensa-esp-elf/include"]
  ignore line: [ignoring duplicate directory "/home/aamir/.espressif/tools/xtensa-esp-elf/esp-15.2.0_20251204/xtensa-esp-elf/bin/../lib/gcc/../../lib/gcc/xtensa-esp-elf/15.2.0/include-fixed"]
  ignore line: [ignoring duplicate directory "/home/aamir/.espressif/tools/xtensa-esp-elf/esp-15.2.0_20251204/xtensa-esp-elf/bin/../lib/gcc/../../lib/gcc/xtensa-esp-elf/15.2.0/../../../../xtensa-esp-elf/include"]
  ignore line: [ignoring duplicate directory "/home/aamir/.espressif/tools/xtensa-esp-elf/esp-15.2.0_20251204/xtensa-esp-elf/bin/../xtensa-esp-elf/include"]
  ignore line: [#include "..." search starts here:]
  ignore line: [#include <...> search starts here:]
  ignore line: [ /home/aamir/.espressif/tools/xtensa-esp-elf/esp-15.2.0_20251204/xtensa-esp-elf/bin/../xtensa-esp-elf/../picolibc/include]
  ignore line: [ /home/aamir/.espressif/tools/xtensa-esp-elf/esp-15.2.0_20251204/xtensa-esp-elf/bin/../xtensa-esp-elf/../picolibc/include/../xtensa-esp-elf/include/c++/15.2.0/xtensa-esp-elf/esp32]
  ignore line: [ /home/aamir/.espressif/tools/xtensa-esp-elf/esp-15.2.0_20251204/xtensa-esp-elf/bin/../lib/gcc/xtensa-esp-elf/15.2.0/include]
  ignore line: [ /home/aamir/.espressif/tools/xtensa-esp-elf/esp-15.2.0_20251204/xtensa-esp-elf/bin/../lib/gcc/xtensa-esp-elf/15.2.0/include-fixed]
  ignore line: [ /home/aamir/.espressif/tools/xtensa-esp-elf/esp-15.2.0_20251204/xtensa-esp-elf/bin/../lib/gcc/xtensa-esp-elf/15.2.0/../../../../xtensa-esp-elf/include]
  ignore line: [End of search list.]
  ignore line: [Compiler executable checksum: 023236c824ceaa5629805e8d1b1d2049]
  ignore line: [COLLECT_GCC_OPTIONS='-mdynconfig=xtensa_esp32.so' '-specs=/home/aamir/Projects/thermostat/build/bootloader/specs/picolibc.specs' '-v' '-o' 'CMakeFiles/cmTC_162e0.dir/CMakeCCompilerABI.c.obj' '-c' '-dumpdir' 'CMakeFiles/cmTC_162e0.dir/']
  ignore line: [ /home/aamir/.espressif/tools/xtensa-esp-elf/esp-15.2.0_20251204/xtensa-esp-elf/bin/../lib/gcc/xtensa-esp-elf/15.2.0/../../../../xtensa-esp-elf/bin/as --traditional-format --dynconfig=xtensa_esp32.so -o CMakeFiles/cmTC_162e0.dir/CMakeCCompilerABI.c.obj /tmp/ccgOcLJ5.s]
  ignore line: [COMPILER_PATH=/home/aamir/.espressif/tools/xtensa-esp-elf/esp-15.2.0_20251204/xtensa-esp-elf/bin/../libexec/gcc/xtensa-esp-elf/15.2.0/:/home/aamir/.espressif/tools/xtensa-esp-elf/esp-15.2.0_20251204/xtensa-esp-elf/bin/../libexec/gcc/:/home/aamir/.espressif/tools/xtensa-esp-elf/esp-15.2.0_20251204/xtensa-esp-elf/bin/../lib/gcc/xtensa-esp-elf/15.2.0/../../../../xtensa-esp-elf/bin/]
  ignore line: [LIBRARY_PATH=/home/aamir/.espressif/tools/xtensa-esp-elf/esp-15.2.0_20251204/xtensa-esp-elf/bin/../lib/gcc/xtensa-esp-elf/15.2.0/esp32/:/home/aamir/.espressif/tools/xtensa-esp-elf/esp-15.2.0_20251204/xtensa-esp-elf/bin/../lib/gcc/xtensa-esp-elf/15.2.0/../../../../xtensa-esp-elf/lib/esp32/:/home/aamir/.espressif/tools/xtensa-esp-elf/esp-15.2.0_20251204/xtensa-esp-elf/bin/../xtensa-esp-elf/lib/esp32/:/home/aamir/.espressif/tools/xtensa-esp-elf/esp-15.2.0_20251204/xtensa-esp-elf/bin/../lib/gcc/xtensa-esp-elf/15.2.0/:/home/aamir/.espressif/tools/xtensa-esp-elf/esp-15.2.0_20251204/xtensa-esp-elf/bin/../lib/gcc/:/home/aamir/.espressif/tools/xtensa-esp-elf/esp-15.2.0_20251204/xtensa-esp-elf/bin/../lib/gcc/xtensa-esp-elf/15.2.0/../../../../xtensa-esp-elf/lib/:/home/aamir/.espressif/tools/xtensa-esp-elf/esp-15.2.0_20251204/xtensa-esp-elf/bin/../xtensa-esp-elf/lib/:/home/aamir/.espressif/tools/xtensa-esp-elf/esp-15.2.0_20251204/xtensa-esp-elf/bin/../xtensa-esp-elf/usr/lib/]
  ignore line: [COLLECT_GCC_OPTIONS='-mdynconfig=xtensa_esp32.so' '-specs=/home/aamir/Projects/thermostat/build/bootloader/specs/picolibc.specs' '-v' '-o' 'CMakeFiles/cmTC_162e0.dir/CMakeCCompilerABI.c.obj' '-c' '-dumpdir' 'CMakeFiles/cmTC_162e0.dir/CMakeCCompilerABI.c.']
  ignore line: [[2/2] Linking C executable cmTC_162e0]
  ignore line: [Using built-in specs.]
  ignore line: [Reading specs from /home/aamir/Projects/thermostat/build/bootloader/specs/picolibc.specs]
  ignore line: [rename spec link to picolibc_link]
  ignore line: [rename spec link_libgcc to picolibc_link_libgcc]
  ignore line: [rename spec cpp to picolibc_cpp]
  ignore line: [rename spec cc1 to picolibc_cc1]
  ignore line: [rename spec cc1plus to picolibc_cc1plus]
  ignore line: [COLLECT_GCC=/home/aamir/.espressif/tools/xtensa-esp-elf/esp-15.2.0_20251204/xtensa-esp-elf/bin/xtensa-esp-elf-gcc]
  ignore line: [COLLECT_LTO_WRAPPER=/home/aamir/.espressif/tools/xtensa-esp-elf/esp-15.2.0_20251204/xtensa-esp-elf/bin/../libexec/gcc/xtensa-esp-elf/15.2.0/lto-wrapper]
  ignore line: [Target: xtensa-esp-elf]
  ignore line: [Configured with: /builds/idf/crosstool-NG/.build/xtensa-esp-elf/src/gcc/configure --build=x86_64-build_pc-linux-gnu --host=x86_64-build_pc-linux-gnu --target=xtensa-esp-elf --prefix=/builds/idf/crosstool-NG/builds/xtensa-esp-elf --exec_prefix=/builds/idf/crosstool-NG/builds/xtensa-esp-elf --with-local-prefix=/builds/idf/crosstool-NG/builds/xtensa-esp-elf/xtensa-esp-elf --with-sysroot=/builds/idf/crosstool-NG/builds/xtensa-esp-elf/xtensa-esp-elf --with-native-system-header-dir=/include --with-headers=/builds/idf/crosstool-NG/builds/xtensa-esp-elf/xtensa-esp-elf/include --with-newlib --enable-threads=no --disable-shared --with-pkgversion='crosstool-NG esp-15.2.0_20251204' --disable-__cxa_atexit --enable-cxx-flags='-ffunction-sections -fdata-sections' --disable-libgomp --disable-libmudflap --disable-libmpx --disable-libssp --disable-libquadmath --disable-libquadmath-support --disable-libstdcxx-verbose --with-gmp=/builds/idf/crosstool-NG/.build/xtensa-esp-elf/buildtools --with-mpfr=/builds/idf/crosstool-NG/.build/xtensa-esp-elf/buildtools --with-mpc=/builds/idf/crosstool-NG/.build/xtensa-esp-elf/buildtools --with-isl=/builds/idf/crosstool-NG/.build/xtensa-esp-elf/buildtools --enable-lto --enable-target-optspace --without-long-double-128 --enable-plugin --disable-nls --enable-multiarch --enable-languages=c c++ --disable-libstdcxx-verbose --enable-threads=posix --enable-libstdcxx-time=yes --disable-win32-utf8-manifest]
  ignore line: [Thread model: posix]
  ignore line: [Supported LTO compression algorithms: zlib zstd]
  ignore line: [gcc version 15.2.0 (crosstool-NG esp-15.2.0_20251204) ]
  ignore line: [COMPILER_PATH=/home/aamir/.espressif/tools/xtensa-esp-elf/esp-15.2.0_20251204/xtensa-esp-elf/bin/../libexec/gcc/xtensa-esp-elf/15.2.0/:/home/aamir/.espressif/tools/xtensa-esp-elf/esp-15.2.0_20251204/xtensa-esp-elf/bin/../libexec/gcc/:/home/aamir/.espressif/tools/xtensa-esp-elf/esp-15.2.0_20251204/xtensa-esp-elf/bin/../lib/gcc/xtensa-esp-elf/15.2.0/../../../../xtensa-esp-elf/bin/]
  ignore line: [LIBRARY_PATH=/home/aamir/.espressif/tools/xtensa-esp-elf/esp-15.2.0_20251204/xtensa-esp-elf/bin/../lib/gcc/xtensa-esp-elf/15.2.0/esp32/:/home/aamir/.espressif/tools/xtensa-esp-elf/esp-15.2.0_20251204/xtensa-esp-elf/bin/../lib/gcc/xtensa-esp-elf/15.2.0/../../../../xtensa-esp-elf/lib/esp32/:/home/aamir/.espressif/tools/xtensa-esp-elf/esp-15.2.0_20251204/xtensa-esp-elf/bin/../xtensa-esp-elf/lib/esp32/:/home/aamir/.espressif/tools/xtensa-esp-elf/esp-15.2.0_20251204/xtensa-esp-elf/bin/../lib/gcc/xtensa-esp-elf/15.2.0/:/home/aamir/.espressif/tools/xtensa-esp-elf/esp-15.2.0_20251204/xtensa-esp-elf/bin/../lib/gcc/:/home/aamir/.espressif/tools/xtensa-esp-elf/esp-15.2.0_20251204/xtensa-esp-elf/bin/../lib/gcc/xtensa-esp-elf/15.2.0/../../../../xtensa-esp-elf/lib/:/home/aamir/.espressif/tools/xtensa-esp-elf/esp-15.2.0_20251204/xtensa-esp-elf/bin/../xtensa-esp-elf/lib/:/home/aamir/.espressif/tools/xtensa-esp-elf/esp-15.2.0_20251204/xtensa-esp-elf/bin/../xtensa-esp-elf/usr/lib/]
  ignore line: [COLLECT_GCC_OPTIONS='-mdynconfig=xtensa_esp32.so' '-specs=/home/aamir/Projects/thermostat/build/bootloader/specs/picolibc.specs' '-v' '-o' 'cmTC_162e0' '-dumpdir' 'cmTC_162e0.']
  link line: [ /home/aamir/.espressif/tools/xtensa-esp-elf/esp-15.2.0_20251204/xtensa-esp-elf/bin/../libexec/gcc/xtensa-esp-elf/15.2.0/collect2 -plugin /home/aamir/.espressif/tools/xtensa-esp-elf/esp-15.2.0_20251204/xtensa-esp-elf/bin/../libexec/gcc/xtensa-esp-elf/15.2.0/liblto_plugin.so -plugin-opt=/home/aamir/.espressif/tools/xtensa-esp-elf/esp-15.2.0_20251204/xtensa-esp-elf/bin/../libexec/gcc/xtensa-esp-elf/15.2.0/lto-wrapper -plugin-opt=-fresolution=/tmp/ccJRVvnB.res -plugin-opt=-pass-through=-lgcc -plugin-opt=-pass-through=-lgcc -plugin-opt=-pass-through=-lc -plugin-opt=-pass-through=-lgcc -L/home/aamir/.espressif/tools/xtensa-esp-elf/esp-15.2.0_20251204/xtensa-esp-elf/bin/../xtensa-esp-elf/../picolibc/xtensa-esp-elf/lib/esp32 -L/home/aamir/.espressif/tools/xtensa-esp-elf/esp-15.2.0_20251204/xtensa-esp-elf/bin/../xtensa-esp-elf/../picolibc/xtensa-esp-elf/lib -Tpicolibc.ld --sysroot=/home/aamir/.espressif/tools/xtensa-esp-elf/esp-15.2.0_20251204/xtensa-esp-elf/bin/../xtensa-esp-elf --dynconfig=xtensa_esp32.so -o cmTC_162e0 /home/aamir/.espressif/tools/xtensa-esp-elf/esp-15.2.0_20251204/xtensa-esp-elf/bin/../xtensa-esp-elf/../picolibc/xtensa-esp-elf/lib/esp32/crt0.o -L/home/aamir/.espressif/tools/xtensa-esp-elf/esp-15.2.0_20251204/xtensa-esp-elf/bin/../xtensa-esp-elf/../picolibc/lib/gcc/xtensa-esp-elf/15.2.0/esp32 -L/home/aamir/.espressif/tools/xtensa-esp-elf/esp-15.2.0_20251204/xtensa-esp-elf/bin/../xtensa-esp-elf/../picolibc/lib/gcc/xtensa-esp-elf/15.2.0 -L/home/aamir/.espressif/tools/xtensa-esp-elf/esp-15.2.0_20251204/xtensa-esp-elf/bin/../lib/gcc/xtensa-esp-elf/15.2.0/esp32 -L/home/aamir/.espressif/tools/xtensa-esp-elf/esp-15.2.0_20251204/xtensa-esp-elf/bin/../lib/gcc/xtensa-esp-elf/15.2.0/../../../../xtensa-esp-elf/lib/esp32 -L/home/aamir/.espressif/tools/xtensa-esp-elf/esp-15.2.0_20251204/xtensa-esp-elf/bin/../xtensa-esp-elf/lib/esp32 -L/home/aamir/.espressif/tools/xtensa-esp-elf/esp-15.2.0_20251204/xtensa-esp-elf/bin/../lib/gcc/xtensa-esp-elf/15.2.0 -L/home/aamir/.espressif/tools/xtensa-esp-elf/esp-15.2.0_20251204/xtensa-esp-elf/bin/../lib/gcc -L/home/aamir/.espressif/tools/xtensa-esp-elf/esp-15.2.0_20251204/xtensa-esp-elf/bin/../lib/gcc/xtensa-esp-elf/15.2.0/../../../../xtensa-esp-elf/lib -L/home/aamir/.espressif/tools/xtensa-esp-elf/esp-15.2.0_20251204/xtensa-esp-elf/bin/../xtensa-esp-elf/lib -L/home/aamir/.espressif/tools/xtensa-esp-elf/esp-15.2.0_20251204/xtensa-esp-elf/bin/../xtensa-esp-elf/usr/lib @/tmp/ccbTS1Fs -lgcc --start-group -lgcc -lc --end-group -lgcc]
    arg [/home/aamir/.espressif/tools/xtensa-esp-elf/esp-15.2.0_20251204/xtensa-esp-elf/bin/../libexec/gcc/xtensa-esp-elf/15.2.0/collect2] ==> ignore
    arg [-plugin] ==> ignore
    arg [/home/aamir/.espressif/tools/xtensa-esp-elf/esp-15.2.0_20251204/xtensa-esp-elf/bin/../libexec/gcc/xtensa-esp-elf/15.2.0/liblto_plugin.so] ==> ignore
    arg [-plugin-opt=/home/aamir/.espressif/tools/xtensa-esp-elf/esp-15.2.0_20251204/xtensa-esp-elf/bin/../libexec/gcc/xtensa-esp-elf/15.2.0/lto-wrapper] ==> ignore
    arg [-plugin-opt=-fresolution=/tmp/ccJRVvnB.res] ==> ignore
    arg [-plugin-opt=-pass-through=-lgcc] ==> ignore
    arg [-plugin-opt=-pass-through=-lgcc] ==> ignore
    arg [-plugin-opt=-pass-through=-lc] ==> ignore
    arg [-plugin-opt=-pass-through=-lgcc] ==> ignore
    arg [-L/home/aamir/.espressif/tools/xtensa-esp-elf/esp-15.2.0_20251204/xtensa-esp-elf/bin/../xtensa-esp-elf/../picolibc/xtensa-esp-elf/lib/esp32] ==> dir [/home/aamir/.espressif/tools/xtensa-esp-elf/esp-15.2.0_20251204/xtensa-esp-elf/bin/../xtensa-esp-elf/../picolibc/xtensa-esp-elf/lib/esp32]
    arg [-L/home/aamir/.espressif/tools/xtensa-esp-elf/esp-15.2.0_20251204/xtensa-esp-elf/bin/../xtensa-esp-elf/../picolibc/xtensa-esp-elf/lib] ==> dir [/home/aamir/.espressif/tools/xtensa-esp-elf/esp-15.2.0_20251204/xtensa-esp-elf/bin/../xtensa-esp-elf/../picolibc/xtensa-esp-elf/lib]
    arg [-Tpicolibc.ld] ==> ignore
    arg [--sysroot=/home/aamir/.espressif/tools/xtensa-esp-elf/esp-15.2.0_20251204/xtensa-esp-elf/bin/../xtensa-esp-elf] ==> ignore
    arg [--dynconfig=xtensa_esp32.so] ==> ignore
    arg [-o] ==> ignore
    arg [cmTC_162e0] ==> ignore
    arg [/home/aamir/.espressif/tools/xtensa-esp-elf/esp-15.2.0_20251204/xtensa-esp-elf/bin/../xtensa-esp-elf/../picolibc/xtensa-esp-elf/lib/esp32/crt0.o] ==> obj [/home/aamir/.espressif/tools/xtensa-esp-elf/esp-15.2.0_20251204/xtensa-esp-elf/bin/../xtensa-esp-elf/../picolibc/xtensa-esp-elf/lib/esp32/crt0.o]
    arg [-L/home/aamir/.espressif/tools/xtensa-esp-elf/esp-15.2.0_20251204/xtensa-esp-elf/bin/../xtensa-esp-elf/../picolibc/lib/gcc/xtensa-esp-elf/15.2.0/esp32] ==> dir [/home/aamir/.espressif/tools/xtensa-esp-elf/esp-15.2.0_20251204/xtensa-esp-elf/bin/../xtensa-esp-elf/../picolibc/lib/gcc/xtensa-esp-elf/15.2.0/esp32]
    arg [-L/home/aamir/.espressif/tools/xtensa-esp-elf/esp-15.2.0_20251204/xtensa-esp-elf/bin/../xtensa-esp-elf/../picolibc/lib/gcc/xtensa-esp-elf/15.2.0] ==> dir [/home/aamir/.espressif/tools/xtensa-esp-elf/esp-15.2.0_20251204/xtensa-esp-elf/bin/../xtensa-esp-elf/../picolibc/lib/gcc/xtensa-esp-elf/15.2.0]
    arg [-L/home/aamir/.espressif/tools/xtensa-esp-elf/esp-15.2.0_20251204/xtensa-esp-elf/bin/../lib/gcc/xtensa-esp-elf/15.2.0/esp32] ==> dir [/home/aamir/.espressif/tools/xtensa-esp-elf/esp-15.2.0_20251204/xtensa-esp-elf/bin/../lib/gcc/xtensa-esp-elf/15.2.0/esp32]
    arg [-L/home/aamir/.espressif/tools/xtensa-esp-elf/esp-15.2.0_20251204/xtensa-esp-elf/bin/../lib/gcc/xtensa-esp-elf/15.2.0/../../../../xtensa-esp-elf/lib/esp32] ==> dir [/home/aamir/.espressif/tools/xtensa-esp-elf/esp-15.2.0_20251204/xtensa-esp-elf/bin/../lib/gcc/xtensa-esp-elf/15.2.0/../../../../xtensa-esp-elf/lib/esp32]
    arg [-L/home/aamir/.espressif/tools/xtensa-esp-elf/esp-15.2.0_20251204/xtensa-esp-elf/bin/../xtensa-esp-elf/lib/esp32] ==> dir [/home/aamir/.espressif/tools/xtensa-esp-elf/esp-15.2.0_20251204/xtensa-esp-elf/bin/../xtensa-esp-elf/lib/esp32]
    arg [-L/home/aamir/.espressif/tools/xtensa-esp-elf/esp-15.2.0_20251204/xtensa-esp-elf/bin/../lib/gcc/xtensa-esp-elf/15.2.0] ==> dir [/home/aamir/.espressif/tools/xtensa-esp-elf/esp-15.2.0_20251204/xtensa-esp-elf/bin/../lib/gcc/xtensa-esp-elf/15.2.0]
    arg [-L/home/aamir/.espressif/tools/xtensa-esp-elf/esp-15.2.0_20251204/xtensa-esp-elf/bin/../lib/gcc] ==> dir [/home/aamir/.espressif/tools/xtensa-esp-elf/esp-15.2.0_20251204/xtensa-esp-elf/bin/../lib/gcc]
    arg [-L/home/aamir/.espressif/tools/xtensa-esp-elf/esp-15.2.0_20251204/xtensa-esp-elf/bin/../lib/gcc/xtensa-esp-elf/15.2.0/../../../../xtensa-esp-elf/lib] ==> dir [/home/aamir/.espressif/tools/xtensa-esp-elf/esp-15.2.0_20251204/xtensa-esp-elf/bin/../lib/gcc/xtensa-esp-elf/15.2.0/../../../../xtensa-esp-elf/lib]
    arg [-L/home/aamir/.espressif/tools/xtensa-esp-elf/esp-15.2.0_20251204/xtensa-esp-elf/bin/../xtensa-esp-elf/lib] ==> dir [/home/aamir/.espressif/tools/xtensa-esp-elf/esp-15.2.0_20251204/xtensa-esp-elf/bin/../xtensa-esp-elf/lib]
    arg [-L/home/aamir/.espressif/tools/xtensa-esp-elf/esp-15.2.0_20251204/xtensa-esp-elf/bin/../xtensa-esp-elf/usr/lib] ==> dir [/home/aamir/.espressif/tools/xtensa-esp-elf/esp-15.2.0_20251204/xtensa-esp-elf/bin/../xtensa-esp-elf/usr/lib]
    arg [@/tmp/ccbTS1Fs] ==> ignore
    arg [-lgcc] ==> lib [gcc]
    arg [--start-group] ==> ignore
    arg [-lgcc] ==> lib [gcc]
    arg [-lc] ==> lib [c]
    arg [--end-group] ==> ignore
    arg [-lgcc] ==> lib [gcc]
  collapse obj [/home/aamir/.espressif/tools/xtensa-esp-elf/esp-15.2.0_20251204/xtensa-esp-elf/bin/../xtensa-esp-elf/../picolibc/xtensa-esp-elf/lib/esp32/crt0.o] ==> [/home/aamir/.espressif/tools/xtensa-esp-elf/esp-15.2.0_20251204/xtensa-esp-elf/picolibc/xtensa-esp-elf/lib/esp32/crt0.o]
  collapse library dir [/home/aamir/.espressif/tools/xtensa-esp-elf/esp-15.2.0_20251204/xtensa-esp-elf/bin/../xtensa-esp-elf/../picolibc/xtensa-esp-elf/lib/esp32] ==> [/home/aamir/.espressif/tools/xtensa-esp-elf/esp-15.2.0_20251204/xtensa-esp-elf/picolibc/xtensa-esp-elf/lib/esp32]
  collapse library dir [/home/aamir/.espressif/tools/xtensa-esp-elf/esp-15.2.0_20251204/xtensa-esp-elf/bin/../xtensa-esp-elf/../picolibc/xtensa-esp-elf/lib] ==> [/home/aamir/.espressif/tools/xtensa-esp-elf/esp-15.2.0_20251204/xtensa-esp-elf/picolibc/xtensa-esp-elf/lib]
  collapse library dir [/home/aamir/.espressif/tools/xtensa-esp-elf/esp-15.2.0_20251204/xtensa-esp-elf/bin/../xtensa-esp-elf/../picolibc/lib/gcc/xtensa-esp-elf/15.2.0/esp32] ==> [/home/aamir/.espressif/tools/xtensa-esp-elf/esp-15.2.0_20251204/xtensa-esp-elf/picolibc/lib/gcc/xtensa-esp-elf/15.2.0/esp32]
  collapse library dir [/home/aamir/.espressif/tools/xtensa-esp-elf/esp-15.2.0_20251204/xtensa-esp-elf/bin/../xtensa-esp-elf/../picolibc/lib/gcc/xtensa-esp-elf/15.2.0] ==> [/home/aamir/.espressif/tools/xtensa-esp-elf/esp-15.2.0_20251204/xtensa-esp-elf/picolibc/lib/gcc/xtensa-esp-elf/15.2.0]
  collapse library dir [/home/aamir/.espressif/tools/xtensa-esp-elf/esp-15.2.0_20251204/xtensa-esp-elf/bin/../lib/gcc/xtensa-esp-elf/15.2.0/esp32] ==> [/home/aamir/.espressif/tools/xtensa-esp-elf/esp-15.2.0_20251204/xtensa-esp-elf/lib/gcc/xtensa-esp-elf/15.2.0/esp32]
  collapse library dir [/home/aamir/.espressif/tools/xtensa-esp-elf/esp-15.2.0_20251204/xtensa-esp-elf/bin/../lib/gcc/xtensa-esp-elf/15.2.0/../../../../xtensa-esp-elf/lib/esp32] ==> [/home/aamir/.espressif/tools/xtensa-esp-elf/esp-15.2.0_20251204/xtensa-esp-elf/xtensa-esp-elf/lib/esp32]
  collapse library dir [/home/aamir/.espressif/tools/xtensa-esp-elf/esp-15.2.0_20251204/xtensa-esp-elf/bin/../xtensa-esp-elf/lib/esp32] ==> [/home/aamir/.espressif/tools/xtensa-esp-elf/esp-15.2.0_20251204/xtensa-esp-elf/xtensa-esp-elf/lib/esp32]
  collapse library dir [/home/aamir/.espressif/tools/xtensa-esp-elf/esp-15.2.0_20251204/xtensa-esp-elf/bin/../lib/gcc/xtensa-esp-elf/15.2.0] ==> [/home/aamir/.espressif/tools/xtensa-esp-elf/esp-15.2.0_20251204/xtensa-esp-elf/lib/gcc/xtensa-esp-elf/15.2.0]
  collapse library dir [/home/aamir/.espressif/tools/xtensa-esp-elf/esp-15.2.0_20251204/xtensa-esp-elf/bin/../lib/gcc] ==> [/home/aamir/.espressif/tools/xtensa-esp-elf/esp-15.2.0_20251204/xtensa-esp-elf/lib/gcc]
  collapse library dir [/home/aamir/.espressif/tools/xtensa-esp-elf/esp-15.2.0_20251204/xtensa-esp-elf/bin/../lib/gcc/xtensa-esp-elf/15.2.0/../../../../xtensa-esp-elf/lib] ==> [/home/aamir/.espressif/tools/xtensa-esp-elf/esp-15.2.0_20251204/xtensa-esp-elf/xtensa-esp-elf/lib]
  collapse library dir [/home/aamir/.espressif/tools/xtensa-esp-elf/esp-15.2.0_20251204/xtensa-esp-elf/bin/../xtensa-esp-elf/lib] ==> [/home/aamir/.espressif/tools/xtensa-esp-elf/esp-15.2.0_20251204/xtensa-esp-elf/xtensa-esp-elf/lib]
  collapse library dir [/home/aamir/.espressif/tools/xtensa-esp-elf/esp-15.2.0_20251204/xtensa-esp-elf/bin/../xtensa-esp-elf/usr/lib] ==> [/home/aamir/.espressif/tools/xtensa-esp-elf/esp-15.2.0_20251204/xtensa-esp-elf/xtensa-esp-elf/usr/lib]
  implicit libs: [gcc;gcc;c;gcc]
  implicit objs: [/home/aamir/.espressif/tools/xtensa-esp-elf/esp-15.2.0_20251204/xtensa-esp-elf/picolibc/xtensa-esp-elf/lib/esp32/crt0.o]
  implicit dirs: [/home/aamir/.espressif/tools/xtensa-esp-elf/esp-15.2.0_20251204/xtensa-esp-elf/picolibc/xtensa-esp-elf/lib/esp32;/home/aamir/.espressif/tools/xtensa-esp-elf/esp-15.2.0_20251204/xtensa-esp-elf/picolibc/xtensa-esp-elf/lib;/home/aamir/.espressif/tools/xtensa-esp-elf/esp-15.2.0_20251204/xtensa-esp-elf/picolibc/lib/gcc/xtensa-esp-elf/15.2.0/esp32;/home/aamir/.espressif/tools/xtensa-esp-elf/esp-15.2.0_20251204/xtensa-esp-elf/picolibc/lib/gcc/xtensa-esp-elf/15.2.0;/home/aamir/.espressif/tools/xtensa-esp-elf/esp-15.2.0_20251204/xtensa-esp-elf/lib/gcc/xtensa-esp-elf/15.2.0/esp32;/home/aamir/.espressif/tools/xtensa-esp-elf/esp-15.2.0_20251204/xtensa-esp-elf/xtensa-esp-elf/lib/esp32;/home/aamir/.espressif/tools/xtensa-esp-elf/esp-15.2.0_20251204/xtensa-esp-elf/lib/gcc/xtensa-esp-elf/15.2.0;/home/aamir/.espressif/tools/xtensa-esp-elf/esp-15.2.0_20251204/xtensa-esp-elf/lib/gcc;/home/aamir/.espressif/tools/xtensa-esp-elf/esp-15.2.0_20251204/xtensa-esp-elf/xtensa-esp-elf/lib;/home/aamir/.espressif/tools/xtensa-esp-elf/esp-15.2.0_20251204/xtensa-esp-elf/xtensa-esp-elf/usr/lib]
  implicit fwks: []


Detecting CXX compiler ABI info compiled with the following output:
Change Dir: /home/aamir/Projects/thermostat/build/bootloader/CMakeFiles/CMakeTmp

Run Build Command(s):/home/aamir/.espressif/tools/ninja/1.12.1/ninja cmTC_663ce && [1/2] Building CXX object CMakeFiles/cmTC_663ce.dir/CMakeCXXCompilerABI.cpp.obj
Using built-in specs.
Reading specs from /home/aamir/Projects/thermostat/build/bootloader/specs/picolibc.specs
rename spec link to picolibc_link
rename spec link_libgcc to picolibc_link_libgcc
rename spec cpp to picolibc_cpp
rename spec cc1 to picolibc_cc1
rename spec cc1plus to picolibc_cc1plus
COLLECT_GCC=/home/aamir/.espressif/tools/xtensa-esp-elf/esp-15.2.0_20251204/xtensa-esp-elf/bin/xtensa-esp-elf-g++
Target: xtensa-esp-elf
Configured with: /builds/idf/crosstool-NG/.build/xtensa-esp-elf/src/gcc/configure --build=x86_64-build_pc-linux-gnu --host=x86_64-build_pc-linux-gnu --target=xtensa-esp-elf --prefix=/builds/idf/crosstool-NG/builds/xtensa-esp-elf --exec_prefix=/builds/idf/crosstool-NG/builds/xtensa-esp-elf --with-local-prefix=/builds/idf/crosstool-NG/builds/xtensa-esp-elf/xtensa-esp-elf --with-sysroot=/builds/idf/crosstool-NG/builds/xtensa-esp-elf/xtensa-esp-elf --with-native-system-header-dir=/include --with-headers=/builds/idf/crosstool-NG/builds/xtensa-esp-elf/xtensa-esp-elf/include --with-newlib --enable-threads=no --disable-shared --with-pkgversion='crosstool-NG esp-15.2.0_20251204' --disable-__cxa_atexit --enable-cxx-flags='-ffunction-sections -fdata-sections' --disable-libgomp --disable-libmudflap --disable-libmpx --disable-libssp --disable-libquadmath --disable-libquadmath-support --disable-libstdcxx-verbose --with-gmp=/builds/idf/crosstool-NG/.build/xtensa-esp-elf/buildtools --with-mpfr=/builds/idf/crosstool-NG/.build/xtensa-esp-elf/buildtools --with-mpc=/builds/idf/crosstool-NG/.build/xtensa-esp-elf/buildtools --with-isl=/builds/idf/crosstool-NG/.build/xtensa-esp-elf/buildtools --enable-lto --enable-target-optspace --without-long-double-128 --enable-plugin --disable-nls --enable-multiarch --enable-languages=c,c++ --disable-libstdcxx-verbose --enable-threads=posix --enable-libstdcxx-time=yes --disable-win32-utf8-manifest
Thread model: posix
Supported LTO compression algorithms: zlib zstd
gcc version 15.2.0 (crosstool-NG esp-15.2.0_20251204) 
COLLECT_GCC_OPTIONS='-mdynconfig=xtensa_esp32.so' '-specs=/home/aamir/Projects/thermostat/build/bootloader/specs/picolibc.specs' '-v' '-o' 'CMakeFiles/cmTC_663ce.dir/CMakeCXXCompilerABI.cpp.obj' '-c' '-dumpdir' 'CMakeFiles/cmTC_663ce.dir/'
 /home/aamir/.espressif/tools/xtensa-esp-elf/esp-15.2.0_20251204/xtensa-esp-elf/bin/../libexec/gcc/xtensa-esp-elf/15.2.0/cc1plus -quiet -v -imultilib esp32 -iprefix /home/aamir/.espressif/tools/xtensa-esp-elf/esp-15.2.0_20251204/xtensa-esp-elf/bin/../lib/gcc/xtensa-esp-elf/15.2.0/ -isysroot /home/aamir/.espressif/tools/xtensa-esp-elf/esp-15.2.0_20251204/xtensa-esp-elf/bin/../xtensa-esp-elf /usr/share/cmake-3.22/Modules/CMakeCXXCompilerABI.cpp -ftls-model=local-exec -quiet -dumpdir CMakeFiles/cmTC_663ce.dir/ -dumpbase CMakeCXXCompilerABI.cpp.cpp -dumpbase-ext .cpp -mdynconfig=xtensa_esp32.so -version -isystem /home/aamir/.espressif/tools/xtensa-esp-elf/esp-15.2.0_20251204/xtensa-esp-elf/bin/../xtensa-esp-elf/../picolibc/include -isystem /home/aamir/.espressif/tools/xtensa-esp-elf/esp-15.2.0_20251204/xtensa-esp-elf/bin/../xtensa-esp-elf/../picolibc/include/../xtensa-esp-elf/include/c++/15.2.0/xtensa-esp-elf/esp32 -ftls-model=local-exec -o /tmp/cc1yHziF.s
GNU C++17 (crosstool-NG esp-15.2.0_20251204) version 15.2.0 (xtensa-esp-elf)
	compiled by GNU C version 6.3.0, GMP version 6.3.0, MPFR version 4.2.1, MPC version 1.3.1, isl version isl-0.26-GMP

GGC heuristics: --param ggc-min-expand=100 --param ggc-min-heapsize=131072
ignoring duplicate directory "/home/aamir/.espressif/tools/xtensa-esp-elf/esp-15.2.0_20251204/xtensa-esp-elf/bin/../lib/gcc/../../lib/gcc/xtensa-esp-elf/15.2.0/../../../../xtensa-esp-elf/include/c++/15.2.0"
ignoring duplicate directory "/home/aamir/.espressif/tools/xtensa-esp-elf/esp-15.2.0_20251204/xtensa-esp-elf/bin/../lib/gcc/../../lib/gcc/xtensa-esp-elf/15.2.0/../../../../xtensa-esp-elf/include/c++/15.2.0/xtensa-esp-elf/esp32"
ignoring duplicate directory "/home/aamir/.espressif/tools/xtensa-esp-elf/esp-15.2.0_20251204/xtensa-esp-elf/bin/../lib/gcc/../../lib/gcc/xtensa-esp-elf/15.2.0/../../../../xtensa-esp-elf/include/c++/15.2.0/backward"
ignoring duplicate directory "/home/aamir/.espressif/tools/xtensa-esp-elf/esp-15.2.0_20251204/xtensa-esp-elf/bin/../lib/gcc/../../lib/gcc/xtensa-esp-elf/15.2.0/include"
ignoring nonexistent directory "/home/aamir/.espressif/tools/xtensa-esp-elf/esp-15.2.0_20251204/xtensa-esp-elf/bin/../xtensa-esp-elf/builds/idf/crosstool-NG/builds/xtensa-esp-elf/xtensa-esp-elf/include"
ignoring duplicate directory "/home/aamir/.espressif/tools/xtensa-esp-elf/esp-15.2.0_20251204/xtensa-esp-elf/bin/../lib/gcc/../../lib/gcc/xtensa-esp-elf/15.2.0/include-fixed"
ignoring duplicate directory "/home/aamir/.espressif/tools/xtensa-esp-elf/esp-15.2.0_20251204/xtensa-esp-elf/bin/../lib/gcc/../../lib/gcc/xtensa-esp-elf/15.2.0/../../../../xtensa-esp-elf/include"
ignoring duplicate directory "/home/aamir/.espressif/tools/xtensa-esp-elf/esp-15.2.0_20251204/xtensa-esp-elf/bin/../xtensa-esp-elf/include"
#include "..." search starts here:
#include <...> search starts here:
 /home/aamir/.espressif/tools/xtensa-esp-elf/esp-15.2.0_20251204/xtensa-esp-elf/bin/../xtensa-esp-elf/../picolibc/include
 /home/aamir/.espressif/tools/xtensa-esp-elf/esp-15.2.0_20251204/xtensa-esp-elf/bin/../xtensa-esp-elf/../picolibc/include/../xtensa-esp-elf/include/c++/15.2.0/xtensa-esp-elf/esp32
 /home/aamir/.espressif/tools/xtensa-esp-elf/esp-15.2.0_20251204/xtensa-esp-elf/bin/../lib/gcc/xtensa-esp-elf/15.2.0/../../../../xtensa-esp-elf/include/c++/15.2.0
 /home/aamir/.espressif/tools/xtensa-esp-elf/esp-15.2.0_20251204/xtensa-esp-elf/bin/../lib/gcc/xtensa-esp-elf/15.2.0/../../../../xtensa-esp-elf/include/c++/15.2.0/xtensa-esp-elf/esp32
 /home/aamir/.espressif/tools/xtensa-esp-elf/esp-15.2.0_20251204/xtensa-esp-elf/bin/../lib/gcc/xtensa-esp-elf/15.2.0/../../../../xtensa-esp-elf/include/c++/15.2.0/backward
 /home/aamir/.espressif/tools/xtensa-esp-elf/esp-15.2.0_20251204/xtensa-esp-elf/bin/../lib/gcc/xtensa-esp-elf/15.2.0/include
 /home/aamir/.espressif/tools/xtensa-esp-elf/esp-15.2.0_20251204/xtensa-esp-elf/bin/../lib/gcc/xtensa-esp-elf/15.2.0/include-fixed
 /home/aamir/.espressif/tools/xtensa-esp-elf/esp-15.2.0_20251204/xtensa-esp-elf/bin/../lib/gcc/xtensa-esp-elf/15.2.0/../../../../xtensa-esp-elf/include
End of search list.
Compiler executable checksum: ddaf5163ec1d262ade9e7a5c85eeee1b
COLLECT_GCC_OPTIONS='-mdynconfig=xtensa_esp32.so' '-specs=/home/aamir/Projects/thermostat/build/bootloader/specs/picolibc.specs' '-v' '-o' 'CMakeFiles/cmTC_663ce.dir/CMakeCXXCompilerABI.cpp.obj' '-c' '-dumpdir' 'CMakeFiles/cmTC_663ce.dir/'
 /home/aamir/.espressif/tools/xtensa-esp-elf/esp-15.2.0_20251204/xtensa-esp-elf/bin/../lib/gcc/xtensa-esp-elf/15.2.0/../../../../xtensa-esp-elf/bin/as --traditional-format --dynconfig=xtensa_esp32.so -o CMakeFiles/cmTC_663ce.dir/CMakeCXXCompilerABI.cpp.obj /tmp/cc1yHziF.s
COMPILER_PATH=/home/aamir/.espressif/tools/xtensa-esp-elf/esp-15.2.0_20251204/xtensa-esp-elf/bin/../libexec/gcc/xtensa-esp-elf/15.2.0/:/home/aamir/.espressif/tools/xtensa-esp-elf/esp-15.2.0_20251204/xtensa-esp-elf/bin/../libexec/gcc/:/home/aamir/.espressif/tools/xtensa-esp-elf/esp-15.2.0_20251204/xtensa-esp-elf/bin/../lib/gcc/xtensa-esp-elf/15.2.0/../../../../xtensa-esp-elf/bin/
LIBRARY_PATH=/home/aamir/.espressif/tools/xtensa-esp-elf/esp-15.2.0_20251204/xtensa-esp-elf/bin/../lib/gcc/xtensa-esp-elf/15.2.0/esp32/:/home/aamir/.espressif/tools/xtensa-esp-elf/esp-15.2.0_20251204/xtensa-esp-elf/bin/../lib/gcc/xtensa-esp-elf/15.2.0/../../../../xtensa-esp-elf/lib/esp32/:/home/aamir/.espressif/tools/xtensa-esp-elf/esp-15.2.0_20251204/xtensa-esp-elf/bin/../xtensa-esp-elf/lib/esp32/:/home/aamir/.espressif/tools/xtensa-esp-elf/esp-15.2.0_20251204/xtensa-esp-elf/bin/../lib/gcc/xtensa-esp-elf/15.2.0/:/home/aamir/.espressif/tools/xtensa-esp-elf/esp-15.2.0_20251204/xtensa-esp-elf/bin/../lib/gcc/:/home/aamir/.espressif/tools/xtensa-esp-elf/esp-15.2.0_20251204/xtensa-esp-elf/bin/../lib/gcc/xtensa-esp-elf/15.2.0/../../../../xtensa-esp-elf/lib/:/home/aamir/.espressif/tools/xtensa-esp-elf/esp-15.2.0_20251204/xtensa-esp-elf/bin/../xtensa-esp-elf/lib/:/home/aamir/.espressif/tools/xtensa-esp-elf/esp-15.2.0_20251204/xtensa-esp-elf/bin/../xtensa-esp-elf/usr/lib/
COLLECT_GCC_OPTIONS='-mdynconfig=xtensa_esp32.so' '-specs=/home/aamir/Projects/thermostat/build/bootloader/specs/picolibc.specs' '-v' '-o' 'CMakeFiles/cmTC_663ce.dir/CMakeCXXCompilerABI.cpp.obj' '-c' '-dumpdir' 'CMakeFiles/cmTC_663ce.dir/CMakeCXXCompilerABI.cpp.'
[2/2] Linking CXX executable cmTC_663ce
Using built-in specs.
Reading specs from /home/aamir/Projects/thermostat/build/bootloader/specs/picolibc.specs
rename spec link to picolibc_link
rename spec link_libgcc to picolibc_link_libgcc
rename spec cpp to picolibc_cpp
rename spec cc1 to picolibc_cc1
rename spec cc1plus to picolibc_cc1plus
COLLECT_GCC=/home/aamir/.espressif/tools/xtensa-esp-elf/esp-15.2.0_20251204/xtensa-esp-elf/bin/xtensa-esp-elf-g++
COLLECT_LTO_WRAPPER=/home/aamir/.espressif/tools/xtensa-esp-elf/esp-15.2.0_20251204/xtensa-esp-elf/bin/../libexec/gcc/xtensa-esp-elf/15.2.0/lto-wrapper
Target: xtensa-esp-elf
Configured with: /builds/idf/crosstool-NG/.build/xtensa-esp-elf/src/gcc/configure --build=x86_64-build_pc-linux-gnu --host=x86_64-build_pc-linux-gnu --target=xtensa-esp-elf --prefix=/builds/idf/crosstool-NG/builds/xtensa-esp-elf --exec_prefix=/builds/idf/crosstool-NG/builds/xtensa-esp-elf --with-local-prefix=/builds/idf/crosstool-NG/builds/xtensa-esp-elf/xtensa-esp-elf --with-sysroot=/builds/idf/crosstool-NG/builds/xtensa-esp-elf/xtensa-esp-elf --with-native-system-header-dir=/include --with-headers=/builds/idf/crosstool-NG/builds/xtensa-esp-elf/xtensa-esp-elf/include --with-newlib --enable-threads=no --disable-shared --with-pkgversion='crosstool-NG esp-15.2.0_20251204' --disable-__cxa_atexit --enable-cxx-flags='-ffunction-sections -fdata-sections' --disable-libgomp --disable-libmudflap --disable-libmpx --disable-libssp --disable-libquadmath --disable-libquadmath-support --disable-libstdcxx-verbose --with-gmp=/builds/idf/crosstool-NG/.build/xtensa-esp-elf/buildtools --with-mpfr=/builds/idf/crosstool-NG/.build/xtensa-esp-elf/buildtools --with-mpc=/builds/idf/crosstool-NG/.build/xtensa-esp-elf/buildtools --with-isl=/builds/idf/crosstool-NG/.build/xtensa-esp-elf/buildtools --enable-lto --enable-target-optspace --without-long-double-128 --enable-plugin --disable-nls --enable-multiarch --enable-languages=c,c++ --disable-libstdcxx-verbose --enable-threads=posix --enable-libstdcxx-time=yes --disable-win32-utf8-manifest
Thread model: posix
Supported LTO compression algorithms: zlib zstd
gcc version 15.2.0 (crosstool-NG esp-15.2.0_20251204) 
COMPILER_PATH=/home/aamir/.espressif/tools/xtensa-esp-elf/esp-15.2.0_20251204/xtensa-esp-elf/bin/../libexec/gcc/xtensa-esp-elf/15.2.0/:/home/aamir/.espressif/tools/xtensa-esp-elf/esp-15.2.0_20251204/xtensa-esp-elf/bin/../libexec/gcc/:/home/aamir/.espressif/tools/xtensa-esp-elf/esp-15.2.0_20251204/xtensa-esp-elf/bin/../lib/gcc/xtensa-esp-elf/15.2.0/../../../../xtensa-esp-elf/bin/
LIBRARY_PATH=/home/aamir/.espressif/tools/xtensa-esp-elf/esp-15.2.0_20251204/xtensa-esp-elf/bin/../lib/gcc/xtensa-esp-elf/15.2.0/esp32/:/home/aamir/.espressif/tools/xtensa-esp-elf/esp-15.2.0_20251204/xtensa-esp-elf/bin/../lib/gcc/xtensa-esp-elf/15.2.0/../../../../xtensa-esp-elf/lib/esp32/:/home/aamir/.espressif/tools/xtensa-esp-elf/esp-15.2.0_20251204/xtensa-esp-elf/bin/../xtensa-esp-elf/lib/esp32/:/home/aamir/.espressif/tools/xtensa-esp-elf/esp-15.2.0_20251204/xtensa-esp-elf/bin/../lib/gcc/xtensa-esp-elf/15.2.0/:/home/aamir/.espressif/tools/xtensa-esp-elf/esp-15.2.0_20251204/xtensa-esp-elf/bin/../lib/gcc/:/home/aamir/.espressif/tools/xtensa-esp-elf/esp-15.2.0_20251204/xtensa-esp-elf/bin/../lib/gcc/xtensa-esp-elf/15.2.0/../../../../xtensa-esp-elf/lib/:/home/aamir/.espressif/tools/xtensa-esp-elf/esp-15.2.0_20251204/xtensa-esp-elf/bin/../xtensa-esp-elf/lib/:/home/aamir/.espressif/tools/xtensa-esp-elf/esp-15.2.0_20251204/xtensa-esp-elf/bin/../xtensa-esp-elf/usr/lib/
COLLECT_GCC_OPTIONS='-mdynconfig=xtensa_esp32.so' '-specs=/home/aamir/Projects/thermostat/build/bootloader/specs/picolibc.specs' '-v' '-o' 'cmTC_663ce' '-dumpdir' 'cmTC_663ce.'
 /home/aamir/.espressif/tools/xtensa-esp-elf/esp-15.2.0_20251204/xtensa-esp-elf/bin/../libexec/gcc/xtensa-esp-elf/15.2.0/collect2 -plugin /home/aamir/.espressif/tools/xtensa-esp-elf/esp-15.2.0_20251204/xtensa-esp-elf/bin/../libexec/gcc/xtensa-esp-elf/15.2.0/liblto_plugin.so -plugin-opt=/home/aamir/.espressif/tools/xtensa-esp-elf/esp-15.2.0_20251204/xtensa-esp-elf/bin/../libexec/gcc/xtensa-esp-elf/15.2.0/lto-wrapper -plugin-opt=-fresolution=/tmp/ccwPm846.res -plugin-opt=-pass-through=-lgcc -plugin-opt=-pass-through=-lgcc -plugin-opt=-pass-through=-lc -plugin-opt=-pass-through=-lgcc -L/home/aamir/.espressif/tools/xtensa-esp-elf/esp-15.2.0_20251204/xtensa-esp-elf/bin/../xtensa-esp-elf/../picolibc/xtensa-esp-elf/lib/esp32 -L/home/aamir/.espressif/tools/xtensa-esp-elf/esp-15.2.0_20251204/xtensa-esp-elf/bin/../xtensa-esp-elf/../picolibc/xtensa-esp-elf/lib -Tpicolibc.ld --sysroot=/home/aamir/.espressif/tools/xtensa-esp-elf/esp-15.2.0_20251204/xtensa-esp-elf/bin/../xtensa-esp-elf --dynconfig=xtensa_esp32.so -o cmTC_663ce /home/aamir/.espressif/tools/xtensa-esp-elf/esp-15.2.0_20251204/xtensa-esp-elf/bin/../xtensa-esp-elf/../picolibc/xtensa-esp-elf/lib/esp32/crt0.o -L/home/aamir/.espressif/tools/xtensa-esp-elf/esp-15.2.0_20251204/xtensa-esp-elf/bin/../xtensa-esp-elf/../picolibc/lib/gcc/xtensa-esp-elf/15.2.0/esp32 -L/home/aamir/.espressif/tools/xtensa-esp-elf/esp-15.2.0_20251204/xtensa-esp-elf/bin/../xtensa-esp-elf/../picolibc/lib/gcc/xtensa-esp-elf/15.2.0 -L/home/aamir/.espressif/tools/xtensa-esp-elf/esp-15.2.0_20251204/xtensa-esp-elf/bin/../lib/gcc/xtensa-esp-elf/15.2.0/esp32 -L/home/aamir/.espressif/tools/xtensa-esp-elf/esp-15.2.0_20251204/xtensa-esp-elf/bin/../lib/gcc/xtensa-esp-elf/15.2.0/../../../../xtensa-esp-elf/lib/esp32 -L/home/aamir/.espressif/tools/xtensa-esp-elf/esp-15.2.0_20251204/xtensa-esp-elf/bin/../xtensa-esp-elf/lib/esp32 -L/home/aamir/.espressif/tools/xtensa-esp-elf/esp-15.2.0_20251204/xtensa-esp-elf/bin/../lib/gcc/xtensa-esp-elf/15.2.0 -L/home/aamir/.espressif/tools/xtensa-esp-elf/esp-15.2.0_20251204/xtensa-esp-elf/bin/../lib/gcc -L/home/aamir/.espressif/tools/xtensa-esp-elf/esp-15.2.0_20251204/xtensa-esp-elf/bin/../lib/gcc/xtensa-esp-elf/15.2.0/../../../../xtensa-esp-elf/lib -L/home/aamir/.espressif/tools/xtensa-esp-elf/esp-15.2.0_20251204/xtensa-esp-elf/bin/../xtensa-esp-elf/lib -L/home/aamir/.espressif/tools/xtensa-esp-elf/esp-15.2.0_20251204/xtensa-esp-elf/bin/../xtensa-esp-elf/usr/lib @/tmp/ccvapjLX -lgcc --start-group -lgcc -lc --end-group -lgcc
COLLECT_GCC_OPTIONS='-mdynconfig=xtensa_esp32.so' '-specs=/home/aamir/Projects/thermostat/build/bootloader/specs/picolibc.specs' '-v' '-o' 'cmTC_663ce' '-dumpdir' 'cmTC_663ce.'



Parsed CXX implicit include dir info from above output: rv=done
  found start of include info
  found start of implicit include info
    add: [/home/aamir/.espressif/tools/xtensa-esp-elf/esp-15.2.0_20251204/xtensa-esp-elf/bin/../xtensa-esp-elf/../picolibc/include]
    add: [/home/aamir/.espressif/tools/xtensa-esp-elf/esp-15.2.0_20251204/xtensa-esp-elf/bin/../xtensa-esp-elf/../picolibc/include/../xtensa-esp-elf/include/c++/15.2.0/xtensa-esp-elf/esp32]
    add: [/home/aamir/.espressif/tools/xtensa-esp-elf/esp-15.2.0_20251204/xtensa-esp-elf/bin/../lib/gcc/xtensa-esp-elf/15.2.0/../../../../xtensa-esp-elf/include/c++/15.2.0]
    add: [/home/aamir/.espressif/tools/xtensa-esp-elf/esp-15.2.0_20251204/xtensa-esp-elf/bin/../lib/gcc/xtensa-esp-elf/15.2.0/../../../../xtensa-esp-elf/include/c++/15.2.0/xtensa-esp-elf/esp32]
    add: [/home/aamir/.espressif/tools/xtensa-esp-elf/esp-15.2.0_20251204/xtensa-esp-elf/bin/../lib/gcc/xtensa-esp-elf/15.2.0/../../../../xtensa-esp-elf/include/c++/15.2.0/backward]
    add: [/home/aamir/.espressif/tools/xtensa-esp-elf/esp-15.2.0_20251204/xtensa-esp-elf/bin/../lib/gcc/xtensa-esp-elf/15.2.0/include]
    add: [/home/aamir/.espressif/tools/xtensa-esp-elf/esp-15.2.0_20251204/xtensa-esp-elf/bin/../lib/gcc/xtensa-esp-elf/15.2.0/include-fixed]
    add: [/home/aamir/.espressif/tools/xtensa-esp-elf/esp-15.2.0_20251204/xtensa-esp-elf/bin/../lib/gcc/xtensa-esp-elf/15.2.0/../../../../xtensa-esp-elf/include]
  end of search list found
  collapse include dir [/home/aamir/.espressif/tools/xtensa-esp-elf/esp-15.2.0_20251204/xtensa-esp-elf/bin/../xtensa-esp-elf/../picolibc/include] ==> [/home/aamir/.espressif/tools/xtensa-esp-elf/esp-15.2.0_20251204/xtensa-esp-elf/picolibc/include]
  collapse include dir [/home/aamir/.espressif/tools/xtensa-esp-elf/esp-15.2.0_20251204/xtensa-esp-elf/bin/../xtensa-esp-elf/../picolibc/include/../xtensa-esp-elf/include/c++/15.2.0/xtensa-esp-elf/esp32] ==> [/home/aamir/.espressif/tools/xtensa-esp-elf/esp-15.2.0_20251204/xtensa-esp-elf/picolibc/xtensa-esp-elf/include/c++/15.2.0/xtensa-esp-elf/esp32]
  collapse include dir [/home/aamir/.espressif/tools/xtensa-esp-elf/esp-15.2.0_20251204/xtensa-esp-elf/bin/../lib/gcc/xtensa-esp-elf/15.2.0/../../../../xtensa-esp-elf/include/c++/15.2.0] ==> [/home/aamir/.espressif/tools/xtensa-esp-elf/esp-15.2.0_20251204/xtensa-esp-elf/xtensa-esp-elf/include/c++/15.2.0]
  collapse include dir [/home/aamir/.espressif/tools/xtensa-esp-elf/esp-15.2.0_20251204/xtensa-esp-elf/bin/../lib/gcc/xtensa-esp-elf/15.2.0/../../../../xtensa-esp-elf/include/c++/15.2.0/xtensa-esp-elf/esp32] ==> [/home/aamir/.espressif/tools/xtensa-esp-elf/esp-15.2.0_20251204/xtensa-esp-elf/xtensa-esp-elf/include/c++/15.2.0/xtensa-esp-elf/esp32]
  collapse include dir [/home/aamir/.espressif/tools/xtensa-esp-elf/esp-15.2.0_20251204/xtensa-esp-elf/bin/../lib/gcc/xtensa-esp-elf/15.2.0/../../../../xtensa-esp-elf/include/c++/15.2.0/backward] ==> [/home/aamir/.espressif/tools/xtensa-esp-elf/esp-15.2.0_20251204/xtensa-esp-elf/xtensa-esp-elf/include/c++/15.2.0/backward]
  collapse include dir [/home/aamir/.espressif/tools/xtensa-esp-elf/esp-15.2.0_20251204/xtensa-esp-elf/bin/../lib/gcc/xtensa-esp-elf/15.2.0/include] ==> [/home/aamir/.espressif/tools/xtensa-esp-elf/esp-15.2.0_20251204/xtensa-esp-elf/lib/gcc/xtensa-esp-elf/15.2.0/include]
  collapse include dir [/home/aamir/.espressif/tools/xtensa-esp-elf/esp-15.2.0_20251204/xtensa-esp-elf/bin/../lib/gcc/xtensa-esp-elf/15.2.0/include-fixed] ==> [/home/aamir/.espressif/tools/xtensa-esp-elf/esp-15.2.0_20251204/xtensa-esp-elf/lib/gcc/xtensa-esp-elf/15.2.0/include-fixed]
  collapse include dir [/home/aamir/.espressif/tools/xtensa-esp-elf/esp-15.2.0_20251204/xtensa-esp-elf/bin/../lib/gcc/xtensa-esp-elf/15.2.0/../../../../xtensa-esp-elf/include] ==> [/home/aamir/.espressif/tools/xtensa-esp-elf/esp-15.2.0_20251204/xtensa-esp-elf/xtensa-esp-elf/include]
  implicit include dirs: [/home/aamir/.espressif/tools/xtensa-esp-elf/esp-15.2.0_20251204/xtensa-esp-elf/picolibc/include;/home/aamir/.espressif/tools/xtensa-esp-elf/esp-15.2.0_20251204/xtensa-esp-elf/picolibc/xtensa-esp-elf/include/c++/15.2.0/xtensa-esp-elf/esp32;/home/aamir/.espressif/tools/xtensa-esp-elf/esp-15.2.0_20251204/xtensa-esp-elf/xtensa-esp-elf/include/c++/15.2.0;/home/aamir/.espressif/tools/xtensa-esp-elf/esp-15.2.0_20251204/xtensa-esp-elf/xtensa-esp-elf/include/c++/15.2.0/xtensa-esp-elf/esp32;/home/aamir/.espressif/tools/xtensa-esp-elf/esp-15.2.0_20251204/xtensa-esp-elf/xtensa-esp-elf/include/c++/15.2.0/backward;/home/aamir/.espressif/tools/xtensa-esp-elf/esp-15.2.0_20251204/xtensa-esp-elf/lib/gcc/xtensa-esp-elf/15.2.0/include;/home/aamir/.espressif/tools/xtensa-esp-elf/esp-15.2.0_20251204/xtensa-esp-elf/lib/gcc/xtensa-esp-elf/15.2.0/include-fixed;/home/aamir/.espressif/tools/xtensa-esp-elf/esp-15.2.0_20251204/xtensa-esp-elf/xtensa-esp-elf/include]


Parsed CXX implicit link information from above output:
  link line regex: [^( *|.*[/\])(xtensa-esp32-elf-ld|CMAKE_LINK_STARTFILE-NOTFOUND|([^/\]+-)?ld|collect2)[^/\]*( |$)]
  ignore line: [Change Dir: /home/aamir/Projects/thermostat/build/bootloader/CMakeFiles/CMakeTmp]
  ignore line: []
  ignore line: [Run Build Command(s):/home/aamir/.espressif/tools/ninja/1.12.1/ninja cmTC_663ce && [1/2] Building CXX object CMakeFiles/cmTC_663ce.dir/CMakeCXXCompilerABI.cpp.obj]
  ignore line: [Using built-in specs.]
  ignore line: [Reading specs from /home/aamir/Projects/thermostat/build/bootloader/specs/picolibc.specs]
  ignore line: [rename spec link to picolibc_link]
  ignore line: [rename spec link_libgcc to picolibc_link_libgcc]
  ignore line: [rename spec cpp to picolibc_cpp]
  ignore line: [rename spec cc1 to picolibc_cc1]
  ignore line: [rename spec cc1plus to picolibc_cc1plus]
  ignore line: [COLLECT_GCC=/home/aamir/.espressif/tools/xtensa-esp-elf/esp-15.2.0_20251204/xtensa-esp-elf/bin/xtensa-esp-elf-g++]
  ignore line: [Target: xtensa-esp-elf]
  ignore line: [Configured with: /builds/idf/crosstool-NG/.build/xtensa-esp-elf/src/gcc/configure --build=x86_64-build_pc-linux-gnu --host=x86_64-build_pc-linux-gnu --target=xtensa-esp-elf --prefix=/builds/idf/crosstool-NG/builds/xtensa-esp-elf --exec_prefix=/builds/idf/crosstool-NG/builds/xtensa-esp-elf --with-local-prefix=/builds/idf/crosstool-NG/builds/xtensa-esp-elf/xtensa-esp-elf --with-sysroot=/builds/idf/crosstool-NG/builds/xtensa-esp-elf/xtensa-esp-elf --with-native-system-header-dir=/include --with-headers=/builds/idf/crosstool-NG/builds/xtensa-esp-elf/xtensa-esp-elf/include --with-newlib --enable-threads=no --disable-shared --with-pkgversion='crosstool-NG esp-15.2.0_20251204' --disable-__cxa_atexit --enable-cxx-flags='-ffunction-sections -fdata-sections' --disable-libgomp --disable-libmudflap --disable-libmpx --disable-libssp --disable-libquadmath --disable-libquadmath-support --disable-libstdcxx-verbose --with-gmp=/builds/idf/crosstool-NG/.build/xtensa-esp-elf/buildtools --with-mpfr=/builds/idf/crosstool-NG/.build/xtensa-esp-elf/buildtools --with-mpc=/builds/idf/crosstool-NG/.build/xtensa-esp-elf/buildtools --with-isl=/builds/idf/crosstool-NG/.build/xtensa-esp-elf/buildtools --enable-lto --enable-target-optspace --without-long-double-128 --enable-plugin --disable-nls --enable-multiarch --enable-languages=c c++ --disable-libstdcxx-verbose --enable-threads=posix --enable-libstdcxx-time=yes --disable-win32-utf8-manifest]
  ignore line: [Thread model: posix]
  ignore line: [Supported LTO compression algorithms: zlib zstd]
  ignore line: [gcc version 15.2.0 (crosstool-NG esp-15.2.0_20251204) ]
  ignore line: [COLLECT_GCC_OPTIONS='-mdynconfig=xtensa_esp32.so' '-specs=/home/aamir/Projects/thermostat/build/bootloader/specs/picolibc.specs' '-v' '-o' 'CMakeFiles/cmTC_663ce.dir/CMakeCXXCompilerABI.cpp.obj' '-c' '-dumpdir' 'CMakeFiles/cmTC_663ce.dir/']
  ignore line: [ /home/aamir/.espressif/tools/xtensa-esp-elf/esp-15.2.0_20251204/xtensa-esp-elf/bin/../libexec/gcc/xtensa-esp-elf/15.2.0/cc1plus -quiet -v -imultilib esp32 -iprefix /home/aamir/.espressif/tools/xtensa-esp-elf/esp-15.2.0_20251204/xtensa-esp-elf/bin/../lib/gcc/xtensa-esp-elf/15.2.0/ -isysroot /home/aamir/.espressif/tools/xtensa-esp-elf/esp-15.2.0_20251204/xtensa-esp-elf/bin/../xtensa-esp-elf /usr/share/cmake-3.22/Modules/CMakeCXXCompilerABI.cpp -ftls-model=local-exec -quiet -dumpdir CMakeFiles/cmTC_663ce.dir/ -dumpbase CMakeCXXCompilerABI.cpp.cpp -dumpbase-ext .cpp -mdynconfig=xtensa_esp32.so -version -isystem /home/aamir/.espressif/tools/xtensa-esp-elf/esp-15.2.0_20251204/xtensa-esp-elf/bin/../xtensa-esp-elf/../picolibc/include -isystem /home/aamir/.espressif/tools/xtensa-esp-elf/esp-15.2.0_20251204/xtensa-esp-elf/bin/../xtensa-esp-elf/../picolibc/include/../xtensa-esp-elf/include/c++/15.2.0/xtensa-esp-elf/esp32 -ftls-model=local-exec -o /tmp/cc1yHziF.s]
  ignore line: [GNU C++17 (crosstool-NG esp-15.2.0_20251204) version 15.2.0 (xtensa-esp-elf)]
  ignore line: [	compiled by GNU C version 6.3.0  GMP version 6.3.0  MPFR version 4.2.1  MPC version 1.3.1  isl version isl-0.26-GMP]
  ignore line: []
  ignore line: [GGC heuristics: --param ggc-min-expand=100 --param ggc-min-heapsize=131072]
  ignore line: [ignoring duplicate directory "/home/aamir/.espressif/tools/xtensa-esp-elf/esp-15.2.0_20251204/xtensa-esp-elf/bin/../lib/gcc/../../lib/gcc/xtensa-esp-elf/15.2.0/../../../../xtensa-esp-elf/include/c++/15.2.0"]
  ignore line: [ignoring duplicate directory "/home/aamir/.espressif/tools/xtensa-esp-elf/esp-15.2.0_20251204/xtensa-esp-elf/bin/../lib/gcc/../../lib/gcc/xtensa-esp-elf/15.2.0/../../../../xtensa-esp-elf/include/c++/15.2.0/xtensa-esp-elf/esp32"]
  ignore line: [ignoring duplicate directory "/home/aamir/.espressif/tools/xtensa-esp-elf/esp-15.2.0_20251204/xtensa-esp-elf/bin/../lib/gcc/../../lib/gcc/xtensa-esp-elf/15.2.0/../../../../xtensa-esp-elf/include/c++/15.2.0/backward"]
  ignore line: [ignoring duplicate directory "/home/aamir/.espressif/tools/xtensa-esp-elf/esp-15.2.0_20251204/xtensa-esp-elf/bin/../lib/gcc/../../lib/gcc/xtensa-esp-elf/15.2.0/include"]
  ignore line: [ignoring nonexistent directory "/home/aamir/.espressif/tools/xtensa-esp-elf/esp-15.2.0_20251204/xtensa-esp-elf/bin/../xtensa-esp-elf/builds/idf/crosstool-NG/builds/xtensa-esp-elf/xtensa-esp-elf/include"]
  ignore line: [ignoring duplicate directory "/home/aamir/.espressif/tools/xtensa-esp-elf/esp-15.2.0_20251204/xtensa-esp-elf/bin/../lib/gcc/../../lib/gcc/xtensa-esp-elf/15.2.0/include-fixed"]
  ignore line: [ignoring duplicate directory "/home/aamir/.espressif/tools/xtensa-esp-elf/esp-15.2.0_20251204/xtensa-esp-elf/bin/../lib/gcc/../../lib/gcc/xtensa-esp-elf/15.2.0/../../../../xtensa-esp-elf/include"]
  ignore line: [ignoring duplicate directory "/home/aamir/.espressif/tools/xtensa-esp-elf/esp-15.2.0_20251204/xtensa-esp-elf/bin/../xtensa-esp-elf/include"]
  ignore line: [#include "..." search starts here:]
  ignore line: [#include <...> search starts here:]
  ignore line: [ /home/aamir/.espressif/tools/xtensa-esp-elf/esp-15.2.0_20251204/xtensa-esp-elf/bin/../xtensa-esp-elf/../picolibc/include]
  ignore line: [ /home/aamir/.espressif/tools/xtensa-esp-elf/esp-15.2.0_20251204/xtensa-esp-elf/bin/../xtensa-esp-elf/../picolibc/include/../xtensa-esp-elf/include/c++/15.2.0/xtensa-esp-elf/esp32]
  ignore line: [ /home/aamir/.espressif/tools/xtensa-esp-elf/esp-15.2.0_20251204/xtensa-esp-elf/bin/../lib/gcc/xtensa-esp-elf/15.2.0/../../../../xtensa-esp-elf/include/c++/15.2.0]
  ignore line: [ /home/aamir/.espressif/tools/xtensa-esp-elf/esp-15.2.0_20251204/xtensa-esp-elf/bin/../lib/gcc/xtensa-esp-elf/15.2.0/../../../../xtensa-esp-elf/include/c++/15.2.0/xtensa-esp-elf/esp32]
  ignore line: [ /home/aamir/.espressif/tools/xtensa-esp-elf/esp-15.2.0_20251204/xtensa-esp-elf/bin/../lib/gcc/xtensa-esp-elf/15.2.0/../../../../xtensa-esp-elf/include/c++/15.2.0/backward]
  ignore line: [ /home/aamir/.espressif/tools/xtensa-esp-elf/esp-15.2.0_20251204/xtensa-esp-elf/bin/../lib/gcc/xtensa-esp-elf/15.2.0/include]
  ignore line: [ /home/aamir/.espressif/tools/xtensa-esp-elf/esp-15.2.0_20251204/xtensa-esp-elf/bin/../lib/gcc/xtensa-esp-elf/15.2.0/include-fixed]
  ignore line: [ /home/aamir/.espressif/tools/xtensa-esp-elf/esp-15.2.0_20251204/xtensa-esp-elf/bin/../lib/gcc/xtensa-esp-elf/15.2.0/../../../../xtensa-esp-elf/include]
  ignore line: [End of search list.]
  ignore line: [Compiler executable checksum: ddaf5163ec1d262ade9e7a5c85eeee1b]
  ignore line: [COLLECT_GCC_OPTIONS='-mdynconfig=xtensa_esp32.so' '-specs=/home/aamir/Projects/thermostat/build/bootloader/specs/picolibc.specs' '-v' '-o' 'CMakeFiles/cmTC_663ce.dir/CMakeCXXCompilerABI.cpp.obj' '-c' '-dumpdir' 'CMakeFiles/cmTC_663ce.dir/']
  ignore line: [ /home/aamir/.espressif/tools/xtensa-esp-elf/esp-15.2.0_20251204/xtensa-esp-elf/bin/../lib/gcc/xtensa-esp-elf/15.2.0/../../../../xtensa-esp-elf/bin/as --traditional-format --dynconfig=xtensa_esp32.so -o CMakeFiles/cmTC_663ce.dir/CMakeCXXCompilerABI.cpp.obj /tmp/cc1yHziF.s]
  ignore line: [COMPILER_PATH=/home/aamir/.espressif/tools/xtensa-esp-elf/esp-15.2.0_20251204/xtensa-esp-elf/bin/../libexec/gcc/xtensa-esp-elf/15.2.0/:/home/aamir/.espressif/tools/xtensa-esp-elf/esp-15.2.0_20251204/xtensa-esp-elf/bin/../libexec/gcc/:/home/aamir/.espressif/tools/xtensa-esp-elf/esp-15.2.0_20251204/xtensa-esp-elf/bin/../lib/gcc/xtensa-esp-elf/15.2.0/../../../../xtensa-esp-elf/bin/]
  ignore line: [LIBRARY_PATH=/home/aamir/.espressif/tools/xtensa-esp-elf/esp-15.2.0_20251204/xtensa-esp-elf/bin/../lib/gcc/xtensa-esp-elf/15.2.0/esp32/:/home/aamir/.espressif/tools/xtensa-esp-elf/esp-15.2.0_20251204/xtensa-esp-elf/bin/../lib/gcc/xtensa-esp-elf/15.2.0/../../../../xtensa-esp-elf/lib/esp32/:/home/aamir/.espressif/tools/xtensa-esp-elf/esp-15.2.0_20251204/xtensa-esp-elf/bin/../xtensa-esp-elf/lib/esp32/:/home/aamir/.espressif/tools/xtensa-esp-elf/esp-15.2.0_20251204/xtensa-esp-elf/bin/../lib/gcc/xtensa-esp-elf/15.2.0/:/home/aamir/.espressif/tools/xtensa-esp-elf/esp-15.2.0_20251204/xtensa-esp-elf/bin/../lib/gcc/:/home/aamir/.espressif/tools/xtensa-esp-elf/esp-15.2.0_20251204/xtensa-esp-elf/bin/../lib/gcc/xtensa-esp-elf/15.2.0/../../../../xtensa-esp-elf/lib/:/home/aamir/.espressif/tools/xtensa-esp-elf/esp-15.2.0_20251204/xtensa-esp-elf/bin/../xtensa-esp-elf/lib/:/home/aamir/.espressif/tools/xtensa-esp-elf/esp-15.2.0_20251204/xtensa-esp-elf/bin/../xtensa-esp-elf/usr/lib/]
  ignore line: [COLLECT_GCC_OPTIONS='-mdynconfig=xtensa_esp32.so' '-specs=/home/aamir/Projects/thermostat/build/bootloader/specs/picolibc.specs' '-v' '-o' 'CMakeFiles/cmTC_663ce.dir/CMakeCXXCompilerABI.cpp.obj' '-c' '-dumpdir' 'CMakeFiles/cmTC_663ce.dir/CMakeCXXCompilerABI.cpp.']
  ignore line: [[2/2] Linking CXX executable cmTC_663ce]
  ignore line: [Using built-in specs.]
  ignore line: [Reading specs from /home/aamir/Projects/thermostat/build/bootloader/specs/picolibc.specs]
  ignore line: [rename spec link to picolibc_link]
  ignore line: [rename spec link_libgcc to picolibc_link_libgcc]
  ignore line: [rename spec cpp to picolibc_cpp]
  ignore line: [rename spec cc1 to picolibc_cc1]
  ignore line: [rename spec cc1plus to picolibc_cc1plus]
  ignore line: [COLLECT_GCC=/home/aamir/.espressif/tools/xtensa-esp-elf/esp-15.2.0_20251204/xtensa-esp-elf/bin/xtensa-esp-elf-g++]
  ignore line: [COLLECT_LTO_WRAPPER=/home/aamir/.espressif/tools/xtensa-esp-elf/esp-15.2.0_20251204/xtensa-esp-elf/bin/../libexec/gcc/xtensa-esp-elf/15.2.0/lto-wrapper]
  ignore line: [Target: xtensa-esp-elf]
  ignore line: [Configured with: /builds/idf/crosstool-NG/.build/xtensa-esp-elf/src/gcc/configure --build=x86_64-build_pc-linux-gnu --host=x86_64-build_pc-linux-gnu --target=xtensa-esp-elf --prefix=/builds/idf/crosstool-NG/builds/xtensa-esp-elf --exec_prefix=/builds/idf/crosstool-NG/builds/xtensa-esp-elf --with-local-prefix=/builds/idf/crosstool-NG/builds/xtensa-esp-elf/xtensa-esp-elf --with-sysroot=/builds/idf/crosstool-NG/builds/xtensa-esp-elf/xtensa-esp-elf --with-native-system-header-dir=/include --with-headers=/builds/idf/crosstool-NG/builds/xtensa-esp-elf/xtensa-esp-elf/include --with-newlib --enable-threads=no --disable-shared --with-pkgversion='crosstool-NG esp-15.2.0_20251204' --disable-__cxa_atexit --enable-cxx-flags='-ffunction-sections -fdata-sections' --disable-libgomp --disable-libmudflap --disable-libmpx --disable-libssp --disable-libquadmath --disable-libquadmath-support --disable-libstdcxx-verbose --with-gmp=/builds/idf/crosstool-NG/.build/xtensa-esp-elf/buildtools --with-mpfr=/builds/idf/crosstool-NG/.build/xtensa-esp-elf/buildtools --with-mpc=/builds/idf/crosstool-NG/.build/xtensa-esp-elf/buildtools --with-isl=/builds/idf/crosstool-NG/.build/xtensa-esp-elf/buildtools --enable-lto --enable-target-optspace --without-long-double-128 --enable-plugin --disable-nls --enable-multiarch --enable-languages=c c++ --disable-libstdcxx-verbose --enable-threads=posix --enable-libstdcxx-time=yes --disable-win32-utf8-manifest]
  ignore line: [Thread model: posix]
  ignore line: [Supported LTO compression algorithms: zlib zstd]
  ignore line: [gcc version 15.2.0 (crosstool-NG esp-15.2.0_20251204) ]
  ignore line: [COMPILER_PATH=/home/aamir/.espressif/tools/xtensa-esp-elf/esp-15.2.0_20251204/xtensa-esp-elf/bin/../libexec/gcc/xtensa-esp-elf/15.2.0/:/home/aamir/.espressif/tools/xtensa-esp-elf/esp-15.2.0_20251204/xtensa-esp-elf/bin/../libexec/gcc/:/home/aamir/.espressif/tools/xtensa-esp-elf/esp-15.2.0_20251204/xtensa-esp-elf/bin/../lib/gcc/xtensa-esp-elf/15.2.0/../../../../xtensa-esp-elf/bin/]
  ignore line: [LIBRARY_PATH=/home/aamir/.espressif/tools/xtensa-esp-elf/esp-15.2.0_20251204/xtensa-esp-elf/bin/../lib/gcc/xtensa-esp-elf/15.2.0/esp32/:/home/aamir/.espressif/tools/xtensa-esp-elf/esp-15.2.0_20251204/xtensa-esp-elf/bin/../lib/gcc/xtensa-esp-elf/15.2.0/../../../../xtensa-esp-elf/lib/esp32/:/home/aamir/.espressif/tools/xtensa-esp-elf/esp-15.2.0_20251204/xtensa-esp-elf/bin/../xtensa-esp-elf/lib/esp32/:/home/aamir/.espressif/tools/xtensa-esp-elf/esp-15.2.0_20251204/xtensa-esp-elf/bin/../lib/gcc/xtensa-esp-elf/15.2.0/:/home/aamir/.espressif/tools/xtensa-esp-elf/esp-15.2.0_20251204/xtensa-esp-elf/bin/../lib/gcc/:/home/aamir/.espressif/tools/xtensa-esp-elf/esp-15.2.0_20251204/xtensa-esp-elf/bin/../lib/gcc/xtensa-esp-elf/15.2.0/../../../../xtensa-esp-elf/lib/:/home/aamir/.espressif/tools/xtensa-esp-elf/esp-15.2.0_20251204/xtensa-esp-elf/bin/../xtensa-esp-elf/lib/:/home/aamir/.espressif/tools/xtensa-esp-elf/esp-15.2.0_20251204/xtensa-esp-elf/bin/../xtensa-esp-elf/usr/lib/]
  ignore line: [COLLECT_GCC_OPTIONS='-mdynconfig=xtensa_esp32.so' '-specs=/home/aamir/Projects/thermostat/build/bootloader/specs/picolibc.specs' '-v' '-o' 'cmTC_663ce' '-dumpdir' 'cmTC_663ce.']
  link line: [ /home/aamir/.espressif/tools/xtensa-esp-elf/esp-15.2.0_20251204/xtensa-esp-elf/bin/../libexec/gcc/xtensa-esp-elf/15.2.0/collect2 -plugin /home/aamir/.espressif/tools/xtensa-esp-elf/esp-15.2.0_20251204/xtensa-esp-elf/bin/../libexec/gcc/xtensa-esp-elf/15.2.0/liblto_plugin.so -plugin-opt=/home/aamir/.espressif/tools/xtensa-esp-elf/esp-15.2.0_20251204/xtensa-esp-elf/bin/../libexec/gcc/xtensa-esp-elf/15.2.0/lto-wrapper -plugin-opt=-fresolution=/tmp/ccwPm846.res -plugin-opt=-pass-through=-lgcc -plugin-opt=-pass-through=-lgcc -plugin-opt=-pass-through=-lc -plugin-opt=-pass-through=-lgcc -L/home/aamir/.espressif/tools/xtensa-esp-elf/esp-15.2.0_20251204/xtensa-esp-elf/bin/../xtensa-esp-elf/../picolibc/xtensa-esp-elf/lib/esp32 -L/home/aamir/.espressif/tools/xtensa-esp-elf/esp-15.2.0_20251204/xtensa-esp-elf/bin/../xtensa-esp-elf/../picolibc/xtensa-esp-elf/lib -Tpicolibc.ld --sysroot=/home/aamir/.espressif/tools/xtensa-esp-elf/esp-15.2.0_20251204/xtensa-esp-elf/bin/../xtensa-esp-elf --dynconfig=xtensa_esp32.so -o cmTC_663ce /home/aamir/.espressif/tools/xtensa-esp-elf/esp-15.2.0_20251204/xtensa-esp-elf/bin/../xtensa-esp-elf/../picolibc/xtensa-esp-elf/lib/esp32/crt0.o -L/home/aamir/.espressif/tools/xtensa-esp-elf/esp-15.2.0_20251204/xtensa-esp-elf/bin/../xtensa-esp-elf/../picolibc/lib/gcc/xtensa-esp-elf/15.2.0/esp32 -L/home/aamir/.espressif/tools/xtensa-esp-elf/esp-15.2.0_20251204/xtensa-esp-elf/bin/../xtensa-esp-elf/../picolibc/lib/gcc/xtensa-esp-elf/15.2.0 -L/home/aamir/.espressif/tools/xtensa-esp-elf/esp-15.2.0_20251204/xtensa-esp-elf/bin/../lib/gcc/xtensa-esp-elf/15.2.0/esp32 -L/home/aamir/.espressif/tools/xtensa-esp-elf/esp-15.2.0_20251204/xtensa-esp-elf/bin/../lib/gcc/xtensa-esp-elf/15.2.0/../../../../xtensa-esp-elf/lib/esp32 -L/home/aamir/.espressif/tools/xtensa-esp-elf/esp-15.2.0_20251204/xtensa-esp-elf/bin/../xtensa-esp-elf/lib/esp32 -L/home/aamir/.espressif/tools/xtensa-esp-elf/esp-15.2.0_20251204/xtensa-esp-elf/bin/../lib/gcc/xtensa-esp-elf/15.2.0 -L/home/aamir/.espressif/tools/xtensa-esp-elf/esp-15.2.0_20251204/xtensa-esp-elf/bin/../lib/gcc -L/home/aamir/.espressif/tools/xtensa-esp-elf/esp-15.2.0_20251204/xtensa-esp-elf/bin/../lib/gcc/xtensa-esp-elf/15.2.0/../../../../xtensa-esp-elf/lib -L/home/aamir/.espressif/tools/xtensa-esp-elf/esp-15.2.0_20251204/xtensa-esp-elf/bin/../xtensa-esp-elf/lib -L/home/aamir/.espressif/tools/xtensa-esp-elf/esp-15.2.0_20251204/xtensa-esp-elf/bin/../xtensa-esp-elf/usr/lib @/tmp/ccvapjLX -lgcc --start-group -lgcc -lc --end-group -lgcc]
    arg [/home/aamir/.espressif/tools/xtensa-esp-elf/esp-15.2.0_20251204/xtensa-esp-elf/bin/../libexec/gcc/xtensa-esp-elf/15.2.0/collect2] ==> ignore
    arg [-plugin] ==> ignore
    arg [/home/aamir/.espressif/tools/xtensa-esp-elf/esp-15.2.0_20251204/xtensa-esp-elf/bin/../libexec/gcc/xtensa-esp-elf/15.2.0/liblto_plugin.so] ==> ignore
    arg [-plugin-opt=/home/aamir/.espressif/tools/xtensa-esp-elf/esp-15.2.0_20251204/xtensa-esp-elf/bin/../libexec/gcc/xtensa-esp-elf/15.2.0/lto-wrapper] ==> ignore
    arg [-plugin-opt=-fresolution=/tmp/ccwPm846.res] ==> ignore
    arg [-plugin-opt=-pass-through=-lgcc] ==> ignore
    arg [-plugin-opt=-pass-through=-lgcc] ==> ignore
    arg [-plugin-opt=-pass-through=-lc] ==> ignore
    arg [-plugin-opt=-pass-through=-lgcc] ==> ignore
    arg [-L/home/aamir/.espressif/tools/xtensa-esp-elf/esp-15.2.0_20251204/xtensa-esp-elf/bin/../xtensa-esp-elf/../picolibc/xtensa-esp-elf/lib/esp32] ==> dir [/home/aamir/.espressif/tools/xtensa-esp-elf/esp-15.2.0_20251204/xtensa-esp-elf/bin/../xtensa-esp-elf/../picolibc/xtensa-esp-elf/lib/esp32]
    arg [-L/home/aamir/.espressif/tools/xtensa-esp-elf/esp-15.2.0_20251204/xtensa-esp-elf/bin/../xtensa-esp-elf/../picolibc/xtensa-esp-elf/lib] ==> dir [/home/aamir/.espressif/tools/xtensa-esp-elf/esp-15.2.0_20251204/xtensa-esp-elf/bin/../xtensa-esp-elf/../picolibc/xtensa-esp-elf/lib]
    arg [-Tpicolibc.ld] ==> ignore
    arg [--sysroot=/home/aamir/.espressif/tools/xtensa-esp-elf/esp-15.2.0_20251204/xtensa-esp-elf/bin/../xtensa-esp-elf] ==> ignore
    arg [--dynconfig=xtensa_esp32.so] ==> ignore
    arg [-o] ==> ignore
    arg [cmTC_663ce] ==> ignore
    arg [/home/aamir/.espressif/tools/xtensa-esp-elf/esp-15.2.0_20251204/xtensa-esp-elf/bin/../xtensa-esp-elf/../picolibc/xtensa-esp-elf/lib/esp32/crt0.o] ==> obj [/home/aamir/.espressif/tools/xtensa-esp-elf/esp-15.2.0_20251204/xtensa-esp-elf/bin/../xtensa-esp-elf/../picolibc/xtensa-esp-elf/lib/esp32/crt0.o]
    arg [-L/home/aamir/.espressif/tools/xtensa-esp-elf/esp-15.2.0_20251204/xtensa-esp-elf/bin/../xtensa-esp-elf/../picolibc/lib/gcc/xtensa-esp-elf/15.2.0/esp32] ==> dir [/home/aamir/.espressif/tools/xtensa-esp-elf/esp-15.2.0_20251204/xtensa-esp-elf/bin/../xtensa-esp-elf/../picolibc/lib/gcc/xtensa-esp-elf/15.2.0/esp32]
    arg [-L/home/aamir/.espressif/tools/xtensa-esp-elf/esp-15.2.0_20251204/xtensa-esp-elf/bin/../xtensa-esp-elf/../picolibc/lib/gcc/xtensa-esp-elf/15.2.0] ==> dir [/home/aamir/.espressif/tools/xtensa-esp-elf/esp-15.2.0_20251204/xtensa-esp-elf/bin/../xtensa-esp-elf/../picolibc/lib/gcc/xtensa-esp-elf/15.2.0]
    arg [-L/home/aamir/.espressif/tools/xtensa-esp-elf/esp-15.2.0_20251204/xtensa-esp-elf/bin/../lib/gcc/xtensa-esp-elf/15.2.0/esp32] ==> dir [/home/aamir/.espressif/tools/xtensa-esp-elf/esp-15.2.0_20251204/xtensa-esp-elf/bin/../lib/gcc/xtensa-esp-elf/15.2.0/esp32]
    arg [-L/home/aamir/.espressif/tools/xtensa-esp-elf/esp-15.2.0_20251204/xtensa-esp-elf/bin/../lib/gcc/xtensa-esp-elf/15.2.0/../../../../xtensa-esp-elf/lib/esp32] ==> dir [/home/aamir/.espressif/tools/xtensa-esp-elf/esp-15.2.0_20251204/xtensa-esp-elf/bin/../lib/gcc/xtensa-esp-elf/15.2.0/../../../../xtensa-esp-elf/lib/esp32]
    arg [-L/home/aamir/.espressif/tools/xtensa-esp-elf/esp-15.2.0_20251204/xtensa-esp-elf/bin/../xtensa-esp-elf/lib/esp32] ==> dir [/home/aamir/.espressif/tools/xtensa-esp-elf/esp-15.2.0_20251204/xtensa-esp-elf/bin/../xtensa-esp-elf/lib/esp32]
    arg [-L/home/aamir/.espressif/tools/xtensa-esp-elf/esp-15.2.0_20251204/xtensa-esp-elf/bin/../lib/gcc/xtensa-esp-elf/15.2.0] ==> dir [/home/aamir/.espressif/tools/xtensa-esp-elf/esp-15.2.0_20251204/xtensa-esp-elf/bin/../lib/gcc/xtensa-esp-elf/15.2.0]
    arg [-L/home/aamir/.espressif/tools/xtensa-esp-elf/esp-15.2.0_20251204/xtensa-esp-elf/bin/../lib/gcc] ==> dir [/home/aamir/.espressif/tools/xtensa-esp-elf/esp-15.2.0_20251204/xtensa-esp-elf/bin/../lib/gcc]
    arg [-L/home/aamir/.espressif/tools/xtensa-esp-elf/esp-15.2.0_20251204/xtensa-esp-elf/bin/../lib/gcc/xtensa-esp-elf/15.2.0/../../../../xtensa-esp-elf/lib] ==> dir [/home/aamir/.espressif/tools/xtensa-esp-elf/esp-15.2.0_20251204/xtensa-esp-elf/bin/../lib/gcc/xtensa-esp-elf/15.2.0/../../../../xtensa-esp-elf/lib]
    arg [-L/home/aamir/.espressif/tools/xtensa-esp-elf/esp-15.2.0_20251204/xtensa-esp-elf/bin/../xtensa-esp-elf/lib] ==> dir [/home/aamir/.espressif/tools/xtensa-esp-elf/esp-15.2.0_20251204/xtensa-esp-elf/bin/../xtensa-esp-elf/lib]
    arg [-L/home/aamir/.espressif/tools/xtensa-esp-elf/esp-15.2.0_20251204/xtensa-esp-elf/bin/../xtensa-esp-elf/usr/lib] ==> dir [/home/aamir/.espressif/tools/xtensa-esp-elf/esp-15.2.0_20251204/xtensa-esp-elf/bin/../xtensa-esp-elf/usr/lib]
    arg [@/tmp/ccvapjLX] ==> ignore
    arg [-lgcc] ==> lib [gcc]
    arg [--start-group] ==> ignore
    arg [-lgcc] ==> lib [gcc]
    arg [-lc] ==> lib [c]
    arg [--end-group] ==> ignore
    arg [-lgcc] ==> lib [gcc]
  collapse obj [/home/aamir/.espressif/tools/xtensa-esp-elf/esp-15.2.0_20251204/xtensa-esp-elf/bin/../xtensa-esp-elf/../picolibc/xtensa-esp-elf/lib/esp32/crt0.o] ==> [/home/aamir/.espressif/tools/xtensa-esp-elf/esp-15.2.0_20251204/xtensa-esp-elf/picolibc/xtensa-esp-elf/lib/esp32/crt0.o]
  collapse library dir [/home/aamir/.espressif/tools/xtensa-esp-elf/esp-15.2.0_20251204/xtensa-esp-elf/bin/../xtensa-esp-elf/../picolibc/xtensa-esp-elf/lib/esp32] ==> [/home/aamir/.espressif/tools/xtensa-esp-elf/esp-15.2.0_20251204/xtensa-esp-elf/picolibc/xtensa-esp-elf/lib/esp32]
  collapse library dir [/home/aamir/.espressif/tools/xtensa-esp-elf/esp-15.2.0_20251204/xtensa-esp-elf/bin/../xtensa-esp-elf/../picolibc/xtensa-esp-elf/lib] ==> [/home/aamir/.espressif/tools/xtensa-esp-elf/esp-15.2.0_20251204/xtensa-esp-elf/picolibc/xtensa-esp-elf/lib]
  collapse library dir [/home/aamir/.espressif/tools/xtensa-esp-elf/esp-15.2.0_20251204/xtensa-esp-elf/bin/../xtensa-esp-elf/../picolibc/lib/gcc/xtensa-esp-elf/15.2.0/esp32] ==> [/home/aamir/.espressif/tools/xtensa-esp-elf/esp-15.2.0_20251204/xtensa-esp-elf/picolibc/lib/gcc/xtensa-esp-elf/15.2.0/esp32]
  collapse library dir [/home/aamir/.espressif/tools/xtensa-esp-elf/esp-15.2.0_20251204/xtensa-esp-elf/bin/../xtensa-esp-elf/../picolibc/lib/gcc/xtensa-esp-elf/15.2.0] ==> [/home/aamir/.espressif/tools/xtensa-esp-elf/esp-15.2.0_20251204/xtensa-esp-elf/picolibc/lib/gcc/xtensa-esp-elf/15.2.0]
  collapse library dir [/home/aamir/.espressif/tools/xtensa-esp-elf/esp-15.2.0_20251204/xtensa-esp-elf/bin/../lib/gcc/xtensa-esp-elf/15.2.0/esp32] ==> [/home/aamir/.espressif/tools/xtensa-esp-elf/esp-15.2.0_20251204/xtensa-esp-elf/lib/gcc/xtensa-esp-elf/15.2.0/esp32]
  collapse library dir [/home/aamir/.espressif/tools/xtensa-esp-elf/esp-15.2.0_20251204/xtensa-esp-elf/bin/../lib/gcc/xtensa-esp-elf/15.2.0/../../../../xtensa-esp-elf/lib/esp32] ==> [/home/aamir/.espressif/tools/xtensa-esp-elf/esp-15.2.0_20251204/xtensa-esp-elf/xtensa-esp-elf/lib/esp32]
  collapse library dir [/home/aamir/.espressif/tools/xtensa-esp-elf/esp-15.2.0_20251204/xtensa-esp-elf/bin/../xtensa-esp-elf/lib/esp32] ==> [/home/aamir/.espressif/tools/xtensa-esp-elf/esp-15.2.0_20251204/xtensa-esp-elf/xtensa-esp-elf/lib/esp32]
  collapse library dir [/home/aamir/.espressif/tools/xtensa-esp-elf/esp-15.2.0_20251204/xtensa-esp-elf/bin/../lib/gcc/xtensa-esp-elf/15.2.0] ==> [/home/aamir/.espressif/tools/xtensa-esp-elf/esp-15.2.0_20251204/xtensa-esp-elf/lib/gcc/xtensa-esp-elf/15.2.0]
  collapse library dir [/home/aamir/.espressif/tools/xtensa-esp-elf/esp-15.2.0_20251204/xtensa-esp-elf/bin/../lib/gcc] ==> [/home/aamir/.espressif/tools/xtensa-esp-elf/esp-15.2.0_20251204/xtensa-esp-elf/lib/gcc]
  collapse library dir [/home/aamir/.espressif/tools/xtensa-esp-elf/esp-15.2.0_20251204/xtensa-esp-elf/bin/../lib/gcc/xtensa-esp-elf/15.2.0/../../../../xtensa-esp-elf/lib] ==> [/home/aamir/.espressif/tools/xtensa-esp-elf/esp-15.2.0_20251204/xtensa-esp-elf/xtensa-esp-elf/lib]
  collapse library dir [/home/aamir/.espressif/tools/xtensa-esp-elf/esp-15.2.0_20251204/xtensa-esp-elf/bin/../xtensa-esp-elf/lib] ==> [/home/aamir/.espressif/tools/xtensa-esp-elf/esp-15.2.0_20251204/xtensa-esp-elf/xtensa-esp-elf/lib]
  collapse library dir [/home/aamir/.espressif/tools/xtensa-esp-elf/esp-15.2.0_20251204/xtensa-esp-elf/bin/../xtensa-esp-elf/usr/lib] ==> [/home/aamir/.espressif/tools/xtensa-esp-elf/esp-15.2.0_20251204/xtensa-esp-elf/xtensa-esp-elf/usr/lib]
  implicit libs: [gcc;gcc;c;gcc]
  implicit objs: [/home/aamir/.espressif/tools/xtensa-esp-elf/esp-15.2.0_20251204/xtensa-esp-elf/picolibc/xtensa-esp-elf/lib/esp32/crt0.o]
  implicit dirs: [/home/aamir/.espressif/tools/xtensa-esp-elf/esp-15.2.0_20251204/xtensa-esp-elf/picolibc/xtensa-esp-elf/lib/esp32;/home/aamir/.espressif/tools/xtensa-esp-elf/esp-15.2.0_20251204/xtensa-esp-elf/picolibc/xtensa-esp-elf/lib;/home/aamir/.espressif/tools/xtensa-esp-elf/esp-15.2.0_20251204/xtensa-esp-elf/picolibc/lib/gcc/xtensa-esp-elf/15.2.0/esp32;/home/aamir/.espressif/tools/xtensa-esp-elf/esp-15.2.0_20251204/xtensa-esp-elf/picolibc/lib/gcc/xtensa-esp-elf/15.2.0;/home/aamir/.espressif/tools/xtensa-esp-elf/esp-15.2.0_20251204/xtensa-esp-elf/lib/gcc/xtensa-esp-elf/15.2.0/esp32;/home/aamir/.espressif/tools/xtensa-esp-elf/esp-15.2.0_20251204/xtensa-esp-elf/xtensa-esp-elf/lib/esp32;/home/aamir/.espressif/tools/xtensa-esp-elf/esp-15.2.0_20251204/xtensa-esp-elf/lib/gcc/xtensa-esp-elf/15.2.0;/home/aamir/.espressif/tools/xtensa-esp-elf/esp-15.2.0_20251204/xtensa-esp-elf/lib/gcc;/home/aamir/.espressif/tools/xtensa-esp-elf/esp-15.2.0_20251204/xtensa-esp-elf/xtensa-esp-elf/lib;/home/aamir/.espressif/tools/xtensa-esp-elf/esp-15.2.0_20251204/xtensa-esp-elf/xtensa-esp-elf/usr/lib]
  implicit fwks: []


Detecting C compiler ABI info compiled with the following output:
Change Dir: /home/aamir/Projects/thermostat/build/bootloader/CMakeFiles/CMakeTmp

Run Build Command(s):/home/aamir/.espressif/tools/ninja/1.12.1/ninja cmTC_34c3a && [1/2] Building C object CMakeFiles/cmTC_34c3a.dir/CMakeCCompilerABI.c.obj
Using built-in specs.
Reading specs from /home/aamir/Projects/thermostat/build/bootloader/specs/picolibc.specs
rename spec link to picolibc_link
rename spec link_libgcc to picolibc_link_libgcc
rename spec cpp to picolibc_cpp
rename spec cc1 to picolibc_cc1
rename spec cc1plus to picolibc_cc1plus
COLLECT_GCC=/home/aamir/.espressif/tools/xtensa-esp-elf/esp-15.2.0_20251204/xtensa-esp-elf/bin/xtensa-esp-elf-gcc
Target: xtensa-esp-elf
Configured with: /builds/idf/crosstool-NG/.build/xtensa-esp-elf/src/gcc/configure --build=x86_64-build_pc-linux-gnu --host=x86_64-build_pc-linux-gnu --target=xtensa-esp-elf --prefix=/builds/idf/crosstool-NG/builds/xtensa-esp-elf --exec_prefix=/builds/idf/crosstool-NG/builds/xtensa-esp-elf --with-local-prefix=/builds/idf/crosstool-NG/builds/xtensa-esp-elf/xtensa-esp-elf --with-sysroot=/builds/idf/crosstool-NG/builds/xtensa-esp-elf/xtensa-esp-elf --with-native-system-header-dir=/include --with-headers=/builds/idf/crosstool-NG/builds/xtensa-esp-elf/xtensa-esp-elf/include --with-newlib --enable-threads=no --disable-shared --with-pkgversion='crosstool-NG esp-15.2.0_20251204' --disable-__cxa_atexit --enable-cxx-flags='-ffunction-sections -fdata-sections' --disable-libgomp --disable-libmudflap --disable-libmpx --disable-libssp --disable-libquadmath --disable-libquadmath-support --disable-libstdcxx-verbose --with-gmp=/builds/idf/crosstool-NG/.build/xtensa-esp-elf/buildtools --with-mpfr=/builds/idf/crosstool-NG/.build/xtensa-esp-elf/buildtools --with-mpc=/builds/idf/crosstool-NG/.build/xtensa-esp-elf/buildtools --with-isl=/builds/idf/crosstool-NG/.build/xtensa-esp-elf/buildtools --enable-lto --enable-target-optspace --without-long-double-128 --enable-plugin --disable-nls --enable-multiarch --enable-languages=c,c++ --disable-libstdcxx-verbose --enable-threads=posix --enable-libstdcxx-time=yes --disable-win32-utf8-manifest
Thread model: posix
Supported LTO compression algorithms: zlib zstd
gcc version 15.2.0 (crosstool-NG esp-15.2.0_20251204) 
COLLECT_GCC_OPTIONS='-mdynconfig=xtensa_esp32.so' '-specs=/home/aamir/Projects/thermostat/build/bootloader/specs/picolibc.specs' '-Wno-frame-address' '-mlongcalls' '-fno-builtin-memcpy' '-fno-builtin-memset' '-fno-builtin-bzero' '-v' '-o' 'CMakeFiles/cmTC_34c3a.dir/CMakeCCompilerABI.c.obj' '-c' '-dumpdir' 'CMakeFiles/cmTC_34c3a.dir/'
 /home/aamir/.espressif/tools/xtensa-esp-elf/esp-15.2.0_20251204/xtensa-esp-elf/bin/../libexec/gcc/xtensa-esp-elf/15.2.0/cc1 -quiet -v -imultilib esp32 -iprefix /home/aamir/.espressif/tools/xtensa-esp-elf/esp-15.2.0_20251204/xtensa-esp-elf/bin/../lib/gcc/xtensa-esp-elf/15.2.0/ -isysroot /home/aamir/.espressif/tools/xtensa-esp-elf/esp-15.2.0_20251204/xtensa-esp-elf/bin/../xtensa-esp-elf -isystem /home/aamir/.espressif/tools/xtensa-esp-elf/esp-15.2.0_20251204/xtensa-esp-elf/bin/../xtensa-esp-elf/../picolibc/include -isystem /home/aamir/.espressif/tools/xtensa-esp-elf/esp-15.2.0_20251204/xtensa-esp-elf/bin/../xtensa-esp-elf/../picolibc/include/../xtensa-esp-elf/include/c++/15.2.0/xtensa-esp-elf/esp32 /usr/share/cmake-3.22/Modules/CMakeCCompilerABI.c -ftls-model=local-exec -quiet -dumpdir CMakeFiles/cmTC_34c3a.dir/ -dumpbase CMakeCCompilerABI.c.c -dumpbase-ext .c -mdynconfig=xtensa_esp32.so -mlongcalls -Wno-frame-address -version -fno-builtin-memcpy -fno-builtin-memset -fno-builtin-bzero -o /tmp/ccsrQPMk.s
GNU C23 (crosstool-NG esp-15.2.0_20251204) version 15.2.0 (xtensa-esp-elf)
	compiled by GNU C version 6.3.0, GMP version 6.3.0, MPFR version 4.2.1, MPC version 1.3.1, isl version isl-0.26-GMP

GGC heuristics: --param ggc-min-expand=100 --param ggc-min-heapsize=131072
ignoring duplicate directory "/home/aamir/.espressif/tools/xtensa-esp-elf/esp-15.2.0_20251204/xtensa-esp-elf/bin/../lib/gcc/../../lib/gcc/xtensa-esp-elf/15.2.0/include"
ignoring nonexistent directory "/home/aamir/.espressif/tools/xtensa-esp-elf/esp-15.2.0_20251204/xtensa-esp-elf/bin/../xtensa-esp-elf/builds/idf/crosstool-NG/builds/xtensa-esp-elf/xtensa-esp-elf/include"
ignoring duplicate directory "/home/aamir/.espressif/tools/xtensa-esp-elf/esp-15.2.0_20251204/xtensa-esp-elf/bin/../lib/gcc/../../lib/gcc/xtensa-esp-elf/15.2.0/include-fixed"
ignoring duplicate directory "/home/aamir/.espressif/tools/xtensa-esp-elf/esp-15.2.0_20251204/xtensa-esp-elf/bin/../lib/gcc/../../lib/gcc/xtensa-esp-elf/15.2.0/../../../../xtensa-esp-elf/include"
ignoring duplicate directory "/home/aamir/.espressif/tools/xtensa-esp-elf/esp-15.2.0_20251204/xtensa-esp-elf/bin/../xtensa-esp-elf/include"
#include "..." search starts here:
#include <...> search starts here:
 /home/aamir/.espressif/tools/xtensa-esp-elf/esp-15.2.0_20251204/xtensa-esp-elf/bin/../xtensa-esp-elf/../picolibc/include
 /home/aamir/.espressif/tools/xtensa-esp-elf/esp-15.2.0_20251204/xtensa-esp-elf/bin/../xtensa-esp-elf/../picolibc/include/../xtensa-esp-elf/include/c++/15.2.0/xtensa-esp-elf/esp32
 /home/aamir/.espressif/tools/xtensa-esp-elf/esp-15.2.0_20251204/xtensa-esp-elf/bin/../lib/gcc/xtensa-esp-elf/15.2.0/include
 /home/aamir/.espressif/tools/xtensa-esp-elf/esp-15.2.0_20251204/xtensa-esp-elf/bin/../lib/gcc/xtensa-esp-elf/15.2.0/include-fixed
 /home/aamir/.espressif/tools/xtensa-esp-elf/esp-15.2.0_20251204/xtensa-esp-elf/bin/../lib/gcc/xtensa-esp-elf/15.2.0/../../../../xtensa-esp-elf/include
End of search list.
Compiler executable checksum: 023236c824ceaa5629805e8d1b1d2049
COLLECT_GCC_OPTIONS='-mdynconfig=xtensa_esp32.so' '-specs=/home/aamir/Projects/thermostat/build/bootloader/specs/picolibc.specs' '-Wno-frame-address' '-mlongcalls' '-fno-builtin-memcpy' '-fno-builtin-memset' '-fno-builtin-bzero' '-v' '-o' 'CMakeFiles/cmTC_34c3a.dir/CMakeCCompilerABI.c.obj' '-c' '-dumpdir' 'CMakeFiles/cmTC_34c3a.dir/'
 /home/aamir/.espressif/tools/xtensa-esp-elf/esp-15.2.0_20251204/xtensa-esp-elf/bin/../lib/gcc/xtensa-esp-elf/15.2.0/../../../../xtensa-esp-elf/bin/as --traditional-format --longcalls --dynconfig=xtensa_esp32.so -o CMakeFiles/cmTC_34c3a.dir/CMakeCCompilerABI.c.obj /tmp/ccsrQPMk.s
COMPILER_PATH=/home/aamir/.espressif/tools/xtensa-esp-elf/esp-15.2.0_20251204/xtensa-esp-elf/bin/../libexec/gcc/xtensa-esp-elf/15.2.0/:/home/aamir/.espressif/tools/xtensa-esp-elf/esp-15.2.0_20251204/xtensa-esp-elf/bin/../libexec/gcc/:/home/aamir/.espressif/tools/xtensa-esp-elf/esp-15.2.0_20251204/xtensa-esp-elf/bin/../lib/gcc/xtensa-esp-elf/15.2.0/../../../../xtensa-esp-elf/bin/
LIBRARY_PATH=/home/aamir/.espressif/tools/xtensa-esp-elf/esp-15.2.0_20251204/xtensa-esp-elf/bin/../lib/gcc/xtensa-esp-elf/15.2.0/esp32/:/home/aamir/.espressif/tools/xtensa-esp-elf/esp-15.2.0_20251204/xtensa-esp-elf/bin/../lib/gcc/xtensa-esp-elf/15.2.0/../../../../xtensa-esp-elf/lib/esp32/:/home/aamir/.espressif/tools/xtensa-esp-elf/esp-15.2.0_20251204/xtensa-esp-elf/bin/../xtensa-esp-elf/lib/esp32/:/home/aamir/.espressif/tools/xtensa-esp-elf/esp-15.2.0_20251204/xtensa-esp-elf/bin/../lib/gcc/xtensa-esp-elf/15.2.0/:/home/aamir/.espressif/tools/xtensa-esp-elf/esp-15.2.0_20251204/xtensa-esp-elf/bin/../lib/gcc/:/home/aamir/.espressif/tools/xtensa-esp-elf/esp-15.2.0_20251204/xtensa-esp-elf/bin/../lib/gcc/xtensa-esp-elf/15.2.0/../../../../xtensa-esp-elf/lib/:/home/aamir/.espressif/tools/xtensa-esp-elf/esp-15.2.0_20251204/xtensa-esp-elf/bin/../xtensa-esp-elf/lib/:/home/aamir/.espressif/tools/xtensa-esp-elf/esp-15.2.0_20251204/xtensa-esp-elf/bin/../xtensa-esp-elf/usr/lib/
COLLECT_GCC_OPTIONS='-mdynconfig=xtensa_esp32.so' '-specs=/home/aamir/Projects/thermostat/build/bootloader/specs/picolibc.specs' '-Wno-frame-address' '-mlongcalls' '-fno-builtin-memcpy' '-fno-builtin-memset' '-fno-builtin-bzero' '-v' '-o' 'CMakeFiles/cmTC_34c3a.dir/CMakeCCompilerABI.c.obj' '-c' '-dumpdir' 'CMakeFiles/cmTC_34c3a.dir/CMakeCCompilerABI.c.'
[2/2] Linking C executable cmTC_34c3a
Using built-in specs.
Reading specs from /home/aamir/Projects/thermostat/build/bootloader/specs/picolibc.specs
rename spec link to picolibc_link
rename spec link_libgcc to picolibc_link_libgcc
rename spec cpp to picolibc_cpp
rename spec cc1 to picolibc_cc1
rename spec cc1plus to picolibc_cc1plus
COLLECT_GCC=/home/aamir/.espressif/tools/xtensa-esp-elf/esp-15.2.0_20251204/xtensa-esp-elf/bin/xtensa-esp-elf-gcc
COLLECT_LTO_WRAPPER=/home/aamir/.espressif/tools/xtensa-esp-elf/esp-15.2.0_20251204/xtensa-esp-elf/bin/../libexec/gcc/xtensa-esp-elf/15.2.0/lto-wrapper
Target: xtensa-esp-elf
Configured with: /builds/idf/crosstool-NG/.build/xtensa-esp-elf/src/gcc/configure --build=x86_64-build_pc-linux-gnu --host=x86_64-build_pc-linux-gnu --target=xtensa-esp-elf --prefix=/builds/idf/crosstool-NG/builds/xtensa-esp-elf --exec_prefix=/builds/idf/crosstool-NG/builds/xtensa-esp-elf --with-local-prefix=/builds/idf/crosstool-NG/builds/xtensa-esp-elf/xtensa-esp-elf --with-sysroot=/builds/idf/crosstool-NG/builds/xtensa-esp-elf/xtensa-esp-elf --with-native-system-header-dir=/include --with-headers=/builds/idf/crosstool-NG/builds/xtensa-esp-elf/xtensa-esp-elf/include --with-newlib --enable-threads=no --disable-shared --with-pkgversion='crosstool-NG esp-15.2.0_20251204' --disable-__cxa_atexit --enable-cxx-flags='-ffunction-sections -fdata-sections' --disable-libgomp --disable-libmudflap --disable-libmpx --disable-libssp --disable-libquadmath --disable-libquadmath-support --disable-libstdcxx-verbose --with-gmp=/builds/idf/crosstool-NG/.build/xtensa-esp-elf/buildtools --with-mpfr=/builds/idf/crosstool-NG/.build/xtensa-esp-elf/buildtools --with-mpc=/builds/idf/crosstool-NG/.build/xtensa-esp-elf/buildtools --with-isl=/builds/idf/crosstool-NG/.build/xtensa-esp-elf/buildtools --enable-lto --enable-target-optspace --without-long-double-128 --enable-plugin --disable-nls --enable-multiarch --enable-languages=c,c++ --disable-libstdcxx-verbose --enable-threads=posix --enable-libstdcxx-time=yes --disable-win32-utf8-manifest
Thread model: posix
Supported LTO compression algorithms: zlib zstd
gcc version 15.2.0 (crosstool-NG esp-15.2.0_20251204) 
COMPILER_PATH=/home/aamir/.espressif/tools/xtensa-esp-elf/esp-15.2.0_20251204/xtensa-esp-elf/bin/../libexec/gcc/xtensa-esp-elf/15.2.0/:/home/aamir/.espressif/tools/xtensa-esp-elf/esp-15.2.0_20251204/xtensa-esp-elf/bin/../libexec/gcc/:/home/aamir/.espressif/tools/xtensa-esp-elf/esp-15.2.0_20251204/xtensa-esp-elf/bin/../lib/gcc/xtensa-esp-elf/15.2.0/../../../../xtensa-esp-elf/bin/
LIBRARY_PATH=/home/aamir/.espressif/tools/xtensa-esp-elf/esp-15.2.0_20251204/xtensa-esp-elf/bin/../lib/gcc/xtensa-esp-elf/15.2.0/esp32/no-rtti/:/home/aamir/.espressif/tools/xtensa-esp-elf/esp-15.2.0_20251204/xtensa-esp-elf/bin/../lib/gcc/xtensa-esp-elf/15.2.0/../../../../xtensa-esp-elf/lib/esp32/no-rtti/:/home/aamir/.espressif/tools/xtensa-esp-elf/esp-15.2.0_20251204/xtensa-esp-elf/bin/../xtensa-esp-elf/lib/esp32/no-rtti/:/home/aamir/.espressif/tools/xtensa-esp-elf/esp-15.2.0_20251204/xtensa-esp-elf/bin/../lib/gcc/xtensa-esp-elf/15.2.0/:/home/aamir/.espressif/tools/xtensa-esp-elf/esp-15.2.0_20251204/xtensa-esp-elf/bin/../lib/gcc/:/home/aamir/.espressif/tools/xtensa-esp-elf/esp-15.2.0_20251204/xtensa-esp-elf/bin/../lib/gcc/xtensa-esp-elf/15.2.0/../../../../xtensa-esp-elf/lib/:/home/aamir/.espressif/tools/xtensa-esp-elf/esp-15.2.0_20251204/xtensa-esp-elf/bin/../xtensa-esp-elf/lib/:/home/aamir/.espressif/tools/xtensa-esp-elf/esp-15.2.0_20251204/xtensa-esp-elf/bin/../xtensa-esp-elf/usr/lib/
COLLECT_GCC_OPTIONS='-mdynconfig=xtensa_esp32.so' '-specs=/home/aamir/Projects/thermostat/build/bootloader/specs/picolibc.specs' '-Wno-frame-address' '-mlongcalls' '-fno-builtin-memcpy' '-fno-builtin-memset' '-fno-builtin-bzero' '-nostartfiles' '-fno-rtti' '-v' '-o' 'cmTC_34c3a' '-dumpdir' 'cmTC_34c3a.'
 /home/aamir/.espressif/tools/xtensa-esp-elf/esp-15.2.0_20251204/xtensa-esp-elf/bin/../libexec/gcc/xtensa-esp-elf/15.2.0/collect2 -plugin /home/aamir/.espressif/tools/xtensa-esp-elf/esp-15.2.0_20251204/xtensa-esp-elf/bin/../libexec/gcc/xtensa-esp-elf/15.2.0/liblto_plugin.so -plugin-opt=/home/aamir/.espressif/tools/xtensa-esp-elf/esp-15.2.0_20251204/xtensa-esp-elf/bin/../libexec/gcc/xtensa-esp-elf/15.2.0/lto-wrapper -plugin-opt=-fresolution=/tmp/ccFn6h1T.res -plugin-opt=-pass-through=-lgcc -plugin-opt=-pass-through=-lgcc -plugin-opt=-pass-through=-lc -plugin-opt=-pass-through=-lgcc -L/home/aamir/.espressif/tools/xtensa-esp-elf/esp-15.2.0_20251204/xtensa-esp-elf/bin/../xtensa-esp-elf/../picolibc/xtensa-esp-elf/lib/esp32/no-rtti -L/home/aamir/.espressif/tools/xtensa-esp-elf/esp-15.2.0_20251204/xtensa-esp-elf/bin/../xtensa-esp-elf/../picolibc/xtensa-esp-elf/lib -Tpicolibc.ld --sysroot=/home/aamir/.espressif/tools/xtensa-esp-elf/esp-15.2.0_20251204/xtensa-esp-elf/bin/../xtensa-esp-elf --dynconfig=xtensa_esp32.so -o cmTC_34c3a -L/home/aamir/.espressif/tools/xtensa-esp-elf/esp-15.2.0_20251204/xtensa-esp-elf/bin/../xtensa-esp-elf/../picolibc/lib/gcc/xtensa-esp-elf/15.2.0/esp32/no-rtti -L/home/aamir/.espressif/tools/xtensa-esp-elf/esp-15.2.0_20251204/xtensa-esp-elf/bin/../xtensa-esp-elf/../picolibc/lib/gcc/xtensa-esp-elf/15.2.0 -L/home/aamir/.espressif/tools/xtensa-esp-elf/esp-15.2.0_20251204/xtensa-esp-elf/bin/../lib/gcc/xtensa-esp-elf/15.2.0/esp32/no-rtti -L/home/aamir/.espressif/tools/xtensa-esp-elf/esp-15.2.0_20251204/xtensa-esp-elf/bin/../lib/gcc/xtensa-esp-elf/15.2.0/../../../../xtensa-esp-elf/lib/esp32/no-rtti -L/home/aamir/.espressif/tools/xtensa-esp-elf/esp-15.2.0_20251204/xtensa-esp-elf/bin/../xtensa-esp-elf/lib/esp32/no-rtti -L/home/aamir/.espressif/tools/xtensa-esp-elf/esp-15.2.0_20251204/xtensa-esp-elf/bin/../lib/gcc/xtensa-esp-elf/15.2.0 -L/home/aamir/.espressif/tools/xtensa-esp-elf/esp-15.2.0_20251204/xtensa-esp-elf/bin/../lib/gcc -L/home/aamir/.espressif/tools/xtensa-esp-elf/esp-15.2.0_20251204/xtensa-esp-elf/bin/../lib/gcc/xtensa-esp-elf/15.2.0/../../../../xtensa-esp-elf/lib -L/home/aamir/.espressif/tools/xtensa-esp-elf/esp-15.2.0_20251204/xtensa-esp-elf/bin/../xtensa-esp-elf/lib -L/home/aamir/.espressif/tools/xtensa-esp-elf/esp-15.2.0_20251204/xtensa-esp-elf/bin/../xtensa-esp-elf/usr/lib @/tmp/ccPjc11x -lgcc --start-group -lgcc -lc --end-group -lgcc
/home/aamir/.espressif/tools/xtensa-esp-elf/esp-15.2.0_20251204/xtensa-esp-elf/bin/../lib/gcc/xtensa-esp-elf/15.2.0/../../../../xtensa-esp-elf/bin/ld: warning: cannot find entry symbol _start; defaulting to 10000000
COLLECT_GCC_OPTIONS='-mdynconfig=xtensa_esp32.so' '-specs=/home/aamir/Projects/thermostat/build/bootloader/specs/picolibc.specs' '-Wno-frame-address' '-mlongcalls' '-fno-builtin-memcpy' '-fno-builtin-memset' '-fno-builtin-bzero' '-nostartfiles' '-fno-rtti' '-v' '-o' 'cmTC_34c3a' '-dumpdir' 'cmTC_34c3a.'



Parsed C implicit include dir info from above output: rv=done
  found start of include info
  found start of implicit include info
    add: [/home/aamir/.espressif/tools/xtensa-esp-elf/esp-15.2.0_20251204/xtensa-esp-elf/bin/../xtensa-esp-elf/../picolibc/include]
    add: [/home/aamir/.espressif/tools/xtensa-esp-elf/esp-15.2.0_20251204/xtensa-esp-elf/bin/../xtensa-esp-elf/../picolibc/include/../xtensa-esp-elf/include/c++/15.2.0/xtensa-esp-elf/esp32]
    add: [/home/aamir/.espressif/tools/xtensa-esp-elf/esp-15.2.0_20251204/xtensa-esp-elf/bin/../lib/gcc/xtensa-esp-elf/15.2.0/include]
    add: [/home/aamir/.espressif/tools/xtensa-esp-elf/esp-15.2.0_20251204/xtensa-esp-elf/bin/../lib/gcc/xtensa-esp-elf/15.2.0/include-fixed]
    add: [/home/aamir/.espressif/tools/xtensa-esp-elf/esp-15.2.0_20251204/xtensa-esp-elf/bin/../lib/gcc/xtensa-esp-elf/15.2.0/../../../../xtensa-esp-elf/include]
  end of search list found
  collapse include dir [/home/aamir/.espressif/tools/xtensa-esp-elf/esp-15.2.0_20251204/xtensa-esp-elf/bin/../xtensa-esp-elf/../picolibc/include] ==> [/home/aamir/.espressif/tools/xtensa-esp-elf/esp-15.2.0_20251204/xtensa-esp-elf/picolibc/include]
  collapse include dir [/home/aamir/.espressif/tools/xtensa-esp-elf/esp-15.2.0_20251204/xtensa-esp-elf/bin/../xtensa-esp-elf/../picolibc/include/../xtensa-esp-elf/include/c++/15.2.0/xtensa-esp-elf/esp32] ==> [/home/aamir/.espressif/tools/xtensa-esp-elf/esp-15.2.0_20251204/xtensa-esp-elf/picolibc/xtensa-esp-elf/include/c++/15.2.0/xtensa-esp-elf/esp32]
  collapse include dir [/home/aamir/.espressif/tools/xtensa-esp-elf/esp-15.2.0_20251204/xtensa-esp-elf/bin/../lib/gcc/xtensa-esp-elf/15.2.0/include] ==> [/home/aamir/.espressif/tools/xtensa-esp-elf/esp-15.2.0_20251204/xtensa-esp-elf/lib/gcc/xtensa-esp-elf/15.2.0/include]
  collapse include dir [/home/aamir/.espressif/tools/xtensa-esp-elf/esp-15.2.0_20251204/xtensa-esp-elf/bin/../lib/gcc/xtensa-esp-elf/15.2.0/include-fixed] ==> [/home/aamir/.espressif/tools/xtensa-esp-elf/esp-15.2.0_20251204/xtensa-esp-elf/lib/gcc/xtensa-esp-elf/15.2.0/include-fixed]
  collapse include dir [/home/aamir/.espressif/tools/xtensa-esp-elf/esp-15.2.0_20251204/xtensa-esp-elf/bin/../lib/gcc/xtensa-esp-elf/15.2.0/../../../../xtensa-esp-elf/include] ==> [/home/aamir/.espressif/tools/xtensa-esp-elf/esp-15.2.0_20251204/xtensa-esp-elf/xtensa-esp-elf/include]
  implicit include dirs: [/home/aamir/.espressif/tools/xtensa-esp-elf/esp-15.2.0_20251204/xtensa-esp-elf/picolibc/include;/home/aamir/.espressif/tools/xtensa-esp-elf/esp-15.2.0_20251204/xtensa-esp-elf/picolibc/xtensa-esp-elf/include/c++/15.2.0/xtensa-esp-elf/esp32;/home/aamir/.espressif/tools/xtensa-esp-elf/esp-15.2.0_20251204/xtensa-esp-elf/lib/gcc/xtensa-esp-elf/15.2.0/include;/home/aamir/.espressif/tools/xtensa-esp-elf/esp-15.2.0_20251204/xtensa-esp-elf/lib/gcc/xtensa-esp-elf/15.2.0/include-fixed;/home/aamir/.espressif/tools/xtensa-esp-elf/esp-15.2.0_20251204/xtensa-esp-elf/xtensa-esp-elf/include]


Parsed C implicit link information from above output:
  link line regex: [^( *|.*[/\])(xtensa-esp32-elf-ld|CMAKE_LINK_STARTFILE-NOTFOUND|([^/\]+-)?ld|collect2)[^/\]*( |$)]
  ignore line: [Change Dir: /home/aamir/Projects/thermostat/build/bootloader/CMakeFiles/CMakeTmp]
  ignore line: []
  ignore line: [Run Build Command(s):/home/aamir/.espressif/tools/ninja/1.12.1/ninja cmTC_34c3a && [1/2] Building C object CMakeFiles/cmTC_34c3a.dir/CMakeCCompilerABI.c.obj]
  ignore line: [Using built-in specs.]
  ignore line: [Reading specs from /home/aamir/Projects/thermostat/build/bootloader/specs/picolibc.specs]
  ignore line: [rename spec link to picolibc_link]
  ignore line: [rename spec link_libgcc to picolibc_link_libgcc]
  ignore line: [rename spec cpp to picolibc_cpp]
  ignore line: [rename spec cc1 to picolibc_cc1]
  ignore line: [rename spec cc1plus to picolibc_cc1plus]
  ignore line: [COLLECT_GCC=/home/aamir/.espressif/tools/xtensa-esp-elf/esp-15.2.0_20251204/xtensa-esp-elf/bin/xtensa-esp-elf-gcc]
  ignore line: [Target: xtensa-esp-elf]
  ignore line: [Configured with: /builds/idf/crosstool-NG/.build/xtensa-esp-elf/src/gcc/configure --build=x86_64-build_pc-linux-gnu --host=x86_64-build_pc-linux-gnu --target=xtensa-esp-elf --prefix=/builds/idf/crosstool-NG/builds/xtensa-esp-elf --exec_prefix=/builds/idf/crosstool-NG/builds/xtensa-esp-elf --with-local-prefix=/builds/idf/crosstool-NG/builds/xtensa-esp-elf/xtensa-esp-elf --with-sysroot=/builds/idf/crosstool-NG/builds/xtensa-esp-elf/xtensa-esp-elf --with-native-system-header-dir=/include --with-headers=/builds/idf/crosstool-NG/builds/xtensa-esp-elf/xtensa-esp-elf/include --with-newlib --enable-threads=no --disable-shared --with-pkgversion='crosstool-NG esp-15.2.0_20251204' --disable-__cxa_atexit --enable-cxx-flags='-ffunction-sections -fdata-sections' --disable-libgomp --disable-libmudflap --disable-libmpx --disable-libssp --disable-libquadmath --disable-libquadmath-support --disable-libstdcxx-verbose --with-gmp=/builds/idf/crosstool-NG/.build/xtensa-esp-elf/buildtools --with-mpfr=/builds/idf/crosstool-NG/.build/xtensa-esp-elf/buildtools --with-mpc=/builds/idf/crosstool-NG/.build/xtensa-esp-elf/buildtools --with-isl=/builds/idf/crosstool-NG/.build/xtensa-esp-elf/buildtools --enable-lto --enable-target-optspace --without-long-double-128 --enable-plugin --disable-nls --enable-multiarch --enable-languages=c c++ --disable-libstdcxx-verbose --enable-threads=posix --enable-libstdcxx-time=yes --disable-win32-utf8-manifest]
  ignore line: [Thread model: posix]
  ignore line: [Supported LTO compression algorithms: zlib zstd]
  ignore line: [gcc version 15.2.0 (crosstool-NG esp-15.2.0_20251204) ]
  ignore line: [COLLECT_GCC_OPTIONS='-mdynconfig=xtensa_esp32.so' '-specs=/home/aamir/Projects/thermostat/build/bootloader/specs/picolibc.specs' '-Wno-frame-address' '-mlongcalls' '-fno-builtin-memcpy' '-fno-builtin-memset' '-fno-builtin-bzero' '-v' '-o' 'CMakeFiles/cmTC_34c3a.dir/CMakeCCompilerABI.c.obj' '-c' '-dumpdir' 'CMakeFiles/cmTC_34c3a.dir/']
  ignore line: [ /home/aamir/.espressif/tools/xtensa-esp-elf/esp-15.2.0_20251204/xtensa-esp-elf/bin/../libexec/gcc/xtensa-esp-elf/15.2.0/cc1 -quiet -v -imultilib esp32 -iprefix /home/aamir/.espressif/tools/xtensa-esp-elf/esp-15.2.0_20251204/xtensa-esp-elf/bin/../lib/gcc/xtensa-esp-elf/15.2.0/ -isysroot /home/aamir/.espressif/tools/xtensa-esp-elf/esp-15.2.0_20251204/xtensa-esp-elf/bin/../xtensa-esp-elf -isystem /home/aamir/.espressif/tools/xtensa-esp-elf/esp-15.2.0_20251204/xtensa-esp-elf/bin/../xtensa-esp-elf/../picolibc/include -isystem /home/aamir/.espressif/tools/xtensa-esp-elf/esp-15.2.0_20251204/xtensa-esp-elf/bin/../xtensa-esp-elf/../picolibc/include/../xtensa-esp-elf/include/c++/15.2.0/xtensa-esp-elf/esp32 /usr/share/cmake-3.22/Modules/CMakeCCompilerABI.c -ftls-model=local-exec -quiet -dumpdir CMakeFiles/cmTC_34c3a.dir/ -dumpbase CMakeCCompilerABI.c.c -dumpbase-ext .c -mdynconfig=xtensa_esp32.so -mlongcalls -Wno-frame-address -version -fno-builtin-memcpy -fno-builtin-memset -fno-builtin-bzero -o /tmp/ccsrQPMk.s]
  ignore line: [GNU C23 (crosstool-NG esp-15.2.0_20251204) version 15.2.0 (xtensa-esp-elf)]
  ignore line: [	compiled by GNU C version 6.3.0  GMP version 6.3.0  MPFR version 4.2.1  MPC version 1.3.1  isl version isl-0.26-GMP]
  ignore line: []
  ignore line: [GGC heuristics: --param ggc-min-expand=100 --param ggc-min-heapsize=131072]
  ignore line: [ignoring duplicate directory "/home/aamir/.espressif/tools/xtensa-esp-elf/esp-15.2.0_20251204/xtensa-esp-elf/bin/../lib/gcc/../../lib/gcc/xtensa-esp-elf/15.2.0/include"]
  ignore line: [ignoring nonexistent directory "/home/aamir/.espressif/tools/xtensa-esp-elf/esp-15.2.0_20251204/xtensa-esp-elf/bin/../xtensa-esp-elf/builds/idf/crosstool-NG/builds/xtensa-esp-elf/xtensa-esp-elf/include"]
  ignore line: [ignoring duplicate directory "/home/aamir/.espressif/tools/xtensa-esp-elf/esp-15.2.0_20251204/xtensa-esp-elf/bin/../lib/gcc/../../lib/gcc/xtensa-esp-elf/15.2.0/include-fixed"]
  ignore line: [ignoring duplicate directory "/home/aamir/.espressif/tools/xtensa-esp-elf/esp-15.2.0_20251204/xtensa-esp-elf/bin/../lib/gcc/../../lib/gcc/xtensa-esp-elf/15.2.0/../../../../xtensa-esp-elf/include"]
  ignore line: [ignoring duplicate directory "/home/aamir/.espressif/tools/xtensa-esp-elf/esp-15.2.0_20251204/xtensa-esp-elf/bin/../xtensa-esp-elf/include"]
  ignore line: [#include "..." search starts here:]
  ignore line: [#include <...> search starts here:]
  ignore line: [ /home/aamir/.espressif/tools/xtensa-esp-elf/esp-15.2.0_20251204/xtensa-esp-elf/bin/../xtensa-esp-elf/../picolibc/include]
  ignore line: [ /home/aamir/.espressif/tools/xtensa-esp-elf/esp-15.2.0_20251204/xtensa-esp-elf/bin/../xtensa-esp-elf/../picolibc/include/../xtensa-esp-elf/include/c++/15.2.0/xtensa-esp-elf/esp32]
  ignore line: [ /home/aamir/.espressif/tools/xtensa-esp-elf/esp-15.2.0_20251204/xtensa-esp-elf/bin/../lib/gcc/xtensa-esp-elf/15.2.0/include]
  ignore line: [ /home/aamir/.espressif/tools/xtensa-esp-elf/esp-15.2.0_20251204/xtensa-esp-elf/bin/../lib/gcc/xtensa-esp-elf/15.2.0/include-fixed]
  ignore line: [ /home/aamir/.espressif/tools/xtensa-esp-elf/esp-15.2.0_20251204/xtensa-esp-elf/bin/../lib/gcc/xtensa-esp-elf/15.2.0/../../../../xtensa-esp-elf/include]
  ignore line: [End of search list.]
  ignore line: [Compiler executable checksum: 023236c824ceaa5629805e8d1b1d2049]
  ignore line: [COLLECT_GCC_OPTIONS='-mdynconfig=xtensa_esp32.so' '-specs=/home/aamir/Projects/thermostat/build/bootloader/specs/picolibc.specs' '-Wno-frame-address' '-mlongcalls' '-fno-builtin-memcpy' '-fno-builtin-memset' '-fno-builtin-bzero' '-v' '-o' 'CMakeFiles/cmTC_34c3a.dir/CMakeCCompilerABI.c.obj' '-c' '-dumpdir' 'CMakeFiles/cmTC_34c3a.dir/']
  ignore line: [ /home/aamir/.espressif/tools/xtensa-esp-elf/esp-15.2.0_20251204/xtensa-esp-elf/bin/../lib/gcc/xtensa-esp-elf/15.2.0/../../../../xtensa-esp-elf/bin/as --traditional-format --longcalls --dynconfig=xtensa_esp32.so -o CMakeFiles/cmTC_34c3a.dir/CMakeCCompilerABI.c.obj /tmp/ccsrQPMk.s]
  ignore line: [COMPILER_PATH=/home/aamir/.espressif/tools/xtensa-esp-elf/esp-15.2.0_20251204/xtensa-esp-elf/bin/../libexec/gcc/xtensa-esp-elf/15.2.0/:/home/aamir/.espressif/tools/xtensa-esp-elf/esp-15.2.0_20251204/xtensa-esp-elf/bin/../libexec/gcc/:/home/aamir/.espressif/tools/xtensa-esp-elf/esp-15.2.0_20251204/xtensa-esp-elf/bin/../lib/gcc/xtensa-esp-elf/15.2.0/../../../../xtensa-esp-elf/bin/]
  ignore line: [LIBRARY_PATH=/home/aamir/.espressif/tools/xtensa-esp-elf/esp-15.2.0_20251204/xtensa-esp-elf/bin/../lib/gcc/xtensa-esp-elf/15.2.0/esp32/:/home/aamir/.espressif/tools/xtensa-esp-elf/esp-15.2.0_20251204/xtensa-esp-elf/bin/../lib/gcc/xtensa-esp-elf/15.2.0/../../../../xtensa-esp-elf/lib/esp32/:/home/aamir/.espressif/tools/xtensa-esp-elf/esp-15.2.0_20251204/xtensa-esp-elf/bin/../xtensa-esp-elf/lib/esp32/:/home/aamir/.espressif/tools/xtensa-esp-elf/esp-15.2.0_20251204/xtensa-esp-elf/bin/../lib/gcc/xtensa-esp-elf/15.2.0/:/home/aamir/.espressif/tools/xtensa-esp-elf/esp-15.2.0_20251204/xtensa-esp-elf/bin/../lib/gcc/:/home/aamir/.espressif/tools/xtensa-esp-elf/esp-15.2.0_20251204/xtensa-esp-elf/bin/../lib/gcc/xtensa-esp-elf/15.2.0/../../../../xtensa-esp-elf/lib/:/home/aamir/.espressif/tools/xtensa-esp-elf/esp-15.2.0_20251204/xtensa-esp-elf/bin/../xtensa-esp-elf/lib/:/home/aamir/.espressif/tools/xtensa-esp-elf/esp-15.2.0_20251204/xtensa-esp-elf/bin/../xtensa-esp-elf/usr/lib/]
  ignore line: [COLLECT_GCC_OPTIONS='-mdynconfig=xtensa_esp32.so' '-specs=/home/aamir/Projects/thermostat/build/bootloader/specs/picolibc.specs' '-Wno-frame-address' '-mlongcalls' '-fno-builtin-memcpy' '-fno-builtin-memset' '-fno-builtin-bzero' '-v' '-o' 'CMakeFiles/cmTC_34c3a.dir/CMakeCCompilerABI.c.obj' '-c' '-dumpdir' 'CMakeFiles/cmTC_34c3a.dir/CMakeCCompilerABI.c.']
  ignore line: [[2/2] Linking C executable cmTC_34c3a]
  ignore line: [Using built-in specs.]
  ignore line: [Reading specs from /home/aamir/Projects/thermostat/build/bootloader/specs/picolibc.specs]
  ignore line: [rename spec link to picolibc_link]
  ignore line: [rename spec link_libgcc to picolibc_link_libgcc]
  ignore line: [rename spec cpp to picolibc_cpp]
  ignore line: [rename spec cc1 to picolibc_cc1]
  ignore line: [rename spec cc1plus to picolibc_cc1plus]
  ignore line: [COLLECT_GCC=/home/aamir/.espressif/tools/xtensa-esp-elf/esp-15.2.0_20251204/xtensa-esp-elf/bin/xtensa-esp-elf-gcc]
  ignore line: [COLLECT_LTO_WRAPPER=/home/aamir/.espressif/tools/xtensa-esp-elf/esp-15.2.0_20251204/xtensa-esp-elf/bin/../libexec/gcc/xtensa-esp-elf/15.2.0/lto-wrapper]
  ignore line: [Target: xtensa-esp-elf]
  ignore line: [Configured with: /builds/idf/crosstool-NG/.build/xtensa-esp-elf/src/gcc/configure --build=x86_64-build_pc-linux-gnu --host=x86_64-build_pc-linux-gnu --target=xtensa-esp-elf --prefix=/builds/idf/crosstool-NG/builds/xtensa-esp-elf --exec_prefix=/builds/idf/crosstool-NG/builds/xtensa-esp-elf --with-local-prefix=/builds/idf/crosstool-NG/builds/xtensa-esp-elf/xtensa-esp-elf --with-sysroot=/builds/idf/crosstool-NG/builds/xtensa-esp-elf/xtensa-esp-elf --with-native-system-header-dir=/include --with-headers=/builds/idf/crosstool-NG/builds/xtensa-esp-elf/xtensa-esp-elf/include --with-newlib --enable-threads=no --disable-shared --with-pkgversion='crosstool-NG esp-15.2.0_20251204' --disable-__cxa_atexit --enable-cxx-flags='-ffunction-sections -fdata-sections' --disable-libgomp --disable-libmudflap --disable-libmpx --disable-libssp --disable-libquadmath --disable-libquadmath-support --disable-libstdcxx-verbose --with-gmp=/builds/idf/crosstool-NG/.build/xtensa-esp-elf/buildtools --with-mpfr=/builds/idf/crosstool-NG/.build/xtensa-esp-elf/buildtools --with-mpc=/builds/idf/crosstool-NG/.build/xtensa-esp-elf/buildtools --with-isl=/builds/idf/crosstool-NG/.build/xtensa-esp-elf/buildtools --enable-lto --enable-target-optspace --without-long-double-128 --enable-plugin --disable-nls --enable-multiarch --enable-languages=c c++ --disable-libstdcxx-verbose --enable-threads=posix --enable-libstdcxx-time=yes --disable-win32-utf8-manifest]
  ignore line: [Thread model: posix]
  ignore line: [Supported LTO compression algorithms: zlib zstd]
  ignore line: [gcc version 15.2.0 (crosstool-NG esp-15.2.0_20251204) ]
  ignore line: [COMPILER_PATH=/home/aamir/.espressif/tools/xtensa-esp-elf/esp-15.2.0_20251204/xtensa-esp-elf/bin/../libexec/gcc/xtensa-esp-elf/15.2.0/:/home/aamir/.espressif/tools/xtensa-esp-elf/esp-15.2.0_20251204/xtensa-esp-elf/bin/../libexec/gcc/:/home/aamir/.espressif/tools/xtensa-esp-elf/esp-15.2.0_20251204/xtensa-esp-elf/bin/../lib/gcc/xtensa-esp-elf/15.2.0/../../../../xtensa-esp-elf/bin/]
  ignore line: [LIBRARY_PATH=/home/aamir/.espressif/tools/xtensa-esp-elf/esp-15.2.0_20251204/xtensa-esp-elf/bin/../lib/gcc/xtensa-esp-elf/15.2.0/esp32/no-rtti/:/home/aamir/.espressif/tools/xtensa-esp-elf/esp-15.2.0_20251204/xtensa-esp-elf/bin/../lib/gcc/xtensa-esp-elf/15.2.0/../../../../xtensa-esp-elf/lib/esp32/no-rtti/:/home/aamir/.espressif/tools/xtensa-esp-elf/esp-15.2.0_20251204/xtensa-esp-elf/bin/../xtensa-esp-elf/lib/esp32/no-rtti/:/home/aamir/.espressif/tools/xtensa-esp-elf/esp-15.2.0_20251204/xtensa-esp-elf/bin/../lib/gcc/xtensa-esp-elf/15.2.0/:/home/aamir/.espressif/tools/xtensa-esp-elf/esp-15.2.0_20251204/xtensa-esp-elf/bin/../lib/gcc/:/home/aamir/.espressif/tools/xtensa-esp-elf/esp-15.2.0_20251204/xtensa-esp-elf/bin/../lib/gcc/xtensa-esp-elf/15.2.0/../../../../xtensa-esp-elf/lib/:/home/aamir/.espressif/tools/xtensa-esp-elf/esp-15.2.0_20251204/xtensa-esp-elf/bin/../xtensa-esp-elf/lib/:/home/aamir/.espressif/tools/xtensa-esp-elf/esp-15.2.0_20251204/xtensa-esp-elf/bin/../xtensa-esp-elf/usr/lib/]
  ignore line: [COLLECT_GCC_OPTIONS='-mdynconfig=xtensa_esp32.so' '-specs=/home/aamir/Projects/thermostat/build/bootloader/specs/picolibc.specs' '-Wno-frame-address' '-mlongcalls' '-fno-builtin-memcpy' '-fno-builtin-memset' '-fno-builtin-bzero' '-nostartfiles' '-fno-rtti' '-v' '-o' 'cmTC_34c3a' '-dumpdir' 'cmTC_34c3a.']
  link line: [ /home/aamir/.espressif/tools/xtensa-esp-elf/esp-15.2.0_20251204/xtensa-esp-elf/bin/../libexec/gcc/xtensa-esp-elf/15.2.0/collect2 -plugin /home/aamir/.espressif/tools/xtensa-esp-elf/esp-15.2.0_20251204/xtensa-esp-elf/bin/../libexec/gcc/xtensa-esp-elf/15.2.0/liblto_plugin.so -plugin-opt=/home/aamir/.espressif/tools/xtensa-esp-elf/esp-15.2.0_20251204/xtensa-esp-elf/bin/../libexec/gcc/xtensa-esp-elf/15.2.0/lto-wrapper -plugin-opt=-fresolution=/tmp/ccFn6h1T.res -plugin-opt=-pass-through=-lgcc -plugin-opt=-pass-through=-lgcc -plugin-opt=-pass-through=-lc -plugin-opt=-pass-through=-lgcc -L/home/aamir/.espressif/tools/xtensa-esp-elf/esp-15.2.0_20251204/xtensa-esp-elf/bin/../xtensa-esp-elf/../picolibc/xtensa-esp-elf/lib/esp32/no-rtti -L/home/aamir/.espressif/tools/xtensa-esp-elf/esp-15.2.0_20251204/xtensa-esp-elf/bin/../xtensa-esp-elf/../picolibc/xtensa-esp-elf/lib -Tpicolibc.ld --sysroot=/home/aamir/.espressif/tools/xtensa-esp-elf/esp-15.2.0_20251204/xtensa-esp-elf/bin/../xtensa-esp-elf --dynconfig=xtensa_esp32.so -o cmTC_34c3a -L/home/aamir/.espressif/tools/xtensa-esp-elf/esp-15.2.0_20251204/xtensa-esp-elf/bin/../xtensa-esp-elf/../picolibc/lib/gcc/xtensa-esp-elf/15.2.0/esp32/no-rtti -L/home/aamir/.espressif/tools/xtensa-esp-elf/esp-15.2.0_20251204/xtensa-esp-elf/bin/../xtensa-esp-elf/../picolibc/lib/gcc/xtensa-esp-elf/15.2.0 -L/home/aamir/.espressif/tools/xtensa-esp-elf/esp-15.2.0_20251204/xtensa-esp-elf/bin/../lib/gcc/xtensa-esp-elf/15.2.0/esp32/no-rtti -L/home/aamir/.espressif/tools/xtensa-esp-elf/esp-15.2.0_20251204/xtensa-esp-elf/bin/../lib/gcc/xtensa-esp-elf/15.2.0/../../../../xtensa-esp-elf/lib/esp32/no-rtti -L/home/aamir/.espressif/tools/xtensa-esp-elf/esp-15.2.0_20251204/xtensa-esp-elf/bin/../xtensa-esp-elf/lib/esp32/no-rtti -L/home/aamir/.espressif/tools/xtensa-esp-elf/esp-15.2.0_20251204/xtensa-esp-elf/bin/../lib/gcc/xtensa-esp-elf/15.2.0 -L/home/aamir/.espressif/tools/xtensa-esp-elf/esp-15.2.0_20251204/xtensa-esp-elf/bin/../lib/gcc -L/home/aamir/.espressif/tools/xtensa-esp-elf/esp-15.2.0_20251204/xtensa-esp-elf/bin/../lib/gcc/xtensa-esp-elf/15.2.0/../../../../xtensa-esp-elf/lib -L/home/aamir/.espressif/tools/xtensa-esp-elf/esp-15.2.0_20251204/xtensa-esp-elf/bin/../xtensa-esp-elf/lib -L/home/aamir/.espressif/tools/xtensa-esp-elf/esp-15.2.0_20251204/xtensa-esp-elf/bin/../xtensa-esp-elf/usr/lib @/tmp/ccPjc11x -lgcc --start-group -lgcc -lc --end-group -lgcc]
    arg [/home/aamir/.espressif/tools/xtensa-esp-elf/esp-15.2.0_20251204/xtensa-esp-elf/bin/../libexec/gcc/xtensa-esp-elf/15.2.0/collect2] ==> ignore
    arg [-plugin] ==> ignore
    arg [/home/aamir/.espressif/tools/xtensa-esp-elf/esp-15.2.0_20251204/xtensa-esp-elf/bin/../libexec/gcc/xtensa-esp-elf/15.2.0/liblto_plugin.so] ==> ignore
    arg [-plugin-opt=/home/aamir/.espressif/tools/xtensa-esp-elf/esp-15.2.0_20251204/xtensa-esp-elf/bin/../libexec/gcc/xtensa-esp-elf/15.2.0/lto-wrapper] ==> ignore
    arg [-plugin-opt=-fresolution=/tmp/ccFn6h1T.res] ==> ignore
    arg [-plugin-opt=-pass-through=-lgcc] ==> ignore
    arg [-plugin-opt=-pass-through=-lgcc] ==> ignore
    arg [-plugin-opt=-pass-through=-lc] ==> ignore
    arg [-plugin-opt=-pass-through=-lgcc] ==> ignore
    arg [-L/home/aamir/.espressif/tools/xtensa-esp-elf/esp-15.2.0_20251204/xtensa-esp-elf/bin/../xtensa-esp-elf/../picolibc/xtensa-esp-elf/lib/esp32/no-rtti] ==> dir [/home/aamir/.espressif/tools/xtensa-esp-elf/esp-15.2.0_20251204/xtensa-esp-elf/bin/../xtensa-esp-elf/../picolibc/xtensa-esp-elf/lib/esp32/no-rtti]
    arg [-L/home/aamir/.espressif/tools/xtensa-esp-elf/esp-15.2.0_20251204/xtensa-esp-elf/bin/../xtensa-esp-elf/../picolibc/xtensa-esp-elf/lib] ==> dir [/home/aamir/.espressif/tools/xtensa-esp-elf/esp-15.2.0_20251204/xtensa-esp-elf/bin/../xtensa-esp-elf/../picolibc/xtensa-esp-elf/lib]
    arg [-Tpicolibc.ld] ==> ignore
    arg [--sysroot=/home/aamir/.espressif/tools/xtensa-esp-elf/esp-15.2.0_20251204/xtensa-esp-elf/bin/../xtensa-esp-elf] ==> ignore
    arg [--dynconfig=xtensa_esp32.so] ==> ignore
    arg [-o] ==> ignore
    arg [cmTC_34c3a] ==> ignore
    arg [-L/home/aamir/.espressif/tools/xtensa-esp-elf/esp-15.2.0_20251204/xtensa-esp-elf/bin/../xtensa-esp-elf/../picolibc/lib/gcc/xtensa-esp-elf/15.2.0/esp32/no-rtti] ==> dir [/home/aamir/.espressif/tools/xtensa-esp-elf/esp-15.2.0_20251204/xtensa-esp-elf/bin/../xtensa-esp-elf/../picolibc/lib/gcc/xtensa-esp-elf/15.2.0/esp32/no-rtti]
    arg [-L/home/aamir/.espressif/tools/xtensa-esp-elf/esp-15.2.0_20251204/xtensa-esp-elf/bin/../xtensa-esp-elf/../picolibc/lib/gcc/xtensa-esp-elf/15.2.0] ==> dir [/home/aamir/.espressif/tools/xtensa-esp-elf/esp-15.2.0_20251204/xtensa-esp-elf/bin/../xtensa-esp-elf/../picolibc/lib/gcc/xtensa-esp-elf/15.2.0]
    arg [-L/home/aamir/.espressif/tools/xtensa-esp-elf/esp-15.2.0_20251204/xtensa-esp-elf/bin/../lib/gcc/xtensa-esp-elf/15.2.0/esp32/no-rtti] ==> dir [/home/aamir/.espressif/tools/xtensa-esp-elf/esp-15.2.0_20251204/xtensa-esp-elf/bin/../lib/gcc/xtensa-esp-elf/15.2.0/esp32/no-rtti]
    arg [-L/home/aamir/.espressif/tools/xtensa-esp-elf/esp-15.2.0_20251204/xtensa-esp-elf/bin/../lib/gcc/xtensa-esp-elf/15.2.0/../../../../xtensa-esp-elf/lib/esp32/no-rtti] ==> dir [/home/aamir/.espressif/tools/xtensa-esp-elf/esp-15.2.0_20251204/xtensa-esp-elf/bin/../lib/gcc/xtensa-esp-elf/15.2.0/../../../../xtensa-esp-elf/lib/esp32/no-rtti]
    arg [-L/home/aamir/.espressif/tools/xtensa-esp-elf/esp-15.2.0_20251204/xtensa-esp-elf/bin/../xtensa-esp-elf/lib/esp32/no-rtti] ==> dir [/home/aamir/.espressif/tools/xtensa-esp-elf/esp-15.2.0_20251204/xtensa-esp-elf/bin/../xtensa-esp-elf/lib/esp32/no-rtti]
    arg [-L/home/aamir/.espressif/tools/xtensa-esp-elf/esp-15.2.0_20251204/xtensa-esp-elf/bin/../lib/gcc/xtensa-esp-elf/15.2.0] ==> dir [/home/aamir/.espressif/tools/xtensa-esp-elf/esp-15.2.0_20251204/xtensa-esp-elf/bin/../lib/gcc/xtensa-esp-elf/15.2.0]
    arg [-L/home/aamir/.espressif/tools/xtensa-esp-elf/esp-15.2.0_20251204/xtensa-esp-elf/bin/../lib/gcc] ==> dir [/home/aamir/.espressif/tools/xtensa-esp-elf/esp-15.2.0_20251204/xtensa-esp-elf/bin/../lib/gcc]
    arg [-L/home/aamir/.espressif/tools/xtensa-esp-elf/esp-15.2.0_20251204/xtensa-esp-elf/bin/../lib/gcc/xtensa-esp-elf/15.2.0/../../../../xtensa-esp-elf/lib] ==> dir [/home/aamir/.espressif/tools/xtensa-esp-elf/esp-15.2.0_20251204/xtensa-esp-elf/bin/../lib/gcc/xtensa-esp-elf/15.2.0/../../../../xtensa-esp-elf/lib]
    arg [-L/home/aamir/.espressif/tools/xtensa-esp-elf/esp-15.2.0_20251204/xtensa-esp-elf/bin/../xtensa-esp-elf/lib] ==> dir [/home/aamir/.espressif/tools/xtensa-esp-elf/esp-15.2.0_20251204/xtensa-esp-elf/bin/../xtensa-esp-elf/lib]
    arg [-L/home/aamir/.espressif/tools/xtensa-esp-elf/esp-15.2.0_20251204/xtensa-esp-elf/bin/../xtensa-esp-elf/usr/lib] ==> dir [/home/aamir/.espressif/tools/xtensa-esp-elf/esp-15.2.0_20251204/xtensa-esp-elf/bin/../xtensa-esp-elf/usr/lib]
    arg [@/tmp/ccPjc11x] ==> ignore
    arg [-lgcc] ==> lib [gcc]
    arg [--start-group] ==> ignore
    arg [-lgcc] ==> lib [gcc]
    arg [-lc] ==> lib [c]
    arg [--end-group] ==> ignore
    arg [-lgcc] ==> lib [gcc]
  collapse library dir [/home/aamir/.espressif/tools/xtensa-esp-elf/esp-15.2.0_20251204/xtensa-esp-elf/bin/../xtensa-esp-elf/../picolibc/xtensa-esp-elf/lib/esp32/no-rtti] ==> [/home/aamir/.espressif/tools/xtensa-esp-elf/esp-15.2.0_20251204/xtensa-esp-elf/picolibc/xtensa-esp-elf/lib/esp32/no-rtti]
  collapse library dir [/home/aamir/.espressif/tools/xtensa-esp-elf/esp-15.2.0_20251204/xtensa-esp-elf/bin/../xtensa-esp-elf/../picolibc/xtensa-esp-elf/lib] ==> [/home/aamir/.espressif/tools/xtensa-esp-elf/esp-15.2.0_20251204/xtensa-esp-elf/picolibc/xtensa-esp-elf/lib]
  collapse library dir [/home/aamir/.espressif/tools/xtensa-esp-elf/esp-15.2.0_20251204/xtensa-esp-elf/bin/../xtensa-esp-elf/../picolibc/lib/gcc/xtensa-esp-elf/15.2.0/esp32/no-rtti] ==> [/home/aamir/.espressif/tools/xtensa-esp-elf/esp-15.2.0_20251204/xtensa-esp-elf/picolibc/lib/gcc/xtensa-esp-elf/15.2.0/esp32/no-rtti]
  collapse library dir [/home/aamir/.espressif/tools/xtensa-esp-elf/esp-15.2.0_20251204/xtensa-esp-elf/bin/../xtensa-esp-elf/../picolibc/lib/gcc/xtensa-esp-elf/15.2.0] ==> [/home/aamir/.espressif/tools/xtensa-esp-elf/esp-15.2.0_20251204/xtensa-esp-elf/picolibc/lib/gcc/xtensa-esp-elf/15.2.0]
  collapse library dir [/home/aamir/.espressif/tools/xtensa-esp-elf/esp-15.2.0_20251204/xtensa-esp-elf/bin/../lib/gcc/xtensa-esp-elf/15.2.0/esp32/no-rtti] ==> [/home/aamir/.espressif/tools/xtensa-esp-elf/esp-15.2.0_20251204/xtensa-esp-elf/lib/gcc/xtensa-esp-elf/15.2.0/esp32/no-rtti]
  collapse library dir [/home/aamir/.espressif/tools/xtensa-esp-elf/esp-15.2.0_20251204/xtensa-esp-elf/bin/../lib/gcc/xtensa-esp-elf/15.2.0/../../../../xtensa-esp-elf/lib/esp32/no-rtti] ==> [/home/aamir/.espressif/tools/xtensa-esp-elf/esp-15.2.0_20251204/xtensa-esp-elf/xtensa-esp-elf/lib/esp32/no-rtti]
  collapse library dir [/home/aamir/.espressif/tools/xtensa-esp-elf/esp-15.2.0_20251204/xtensa-esp-elf/bin/../xtensa-esp-elf/lib/esp32/no-rtti] ==> [/home/aamir/.espressif/tools/xtensa-esp-elf/esp-15.2.0_20251204/xtensa-esp-elf/xtensa-esp-elf/lib/esp32/no-rtti]
  collapse library dir [/home/aamir/.espressif/tools/xtensa-esp-elf/esp-15.2.0_20251204/xtensa-esp-elf/bin/../lib/gcc/xtensa-esp-elf/15.2.0] ==> [/home/aamir/.espressif/tools/xtensa-esp-elf/esp-15.2.0_20251204/xtensa-esp-elf/lib/gcc/xtensa-esp-elf/15.2.0]
  collapse library dir [/home/aamir/.espressif/tools/xtensa-esp-elf/esp-15.2.0_20251204/xtensa-esp-elf/bin/../lib/gcc] ==> [/home/aamir/.espressif/tools/xtensa-esp-elf/esp-15.2.0_20251204/xtensa-esp-elf/lib/gcc]
  collapse library dir [/home/aamir/.espressif/tools/xtensa-esp-elf/esp-15.2.0_20251204/xtensa-esp-elf/bin/../lib/gcc/xtensa-esp-elf/15.2.0/../../../../xtensa-esp-elf/lib] ==> [/home/aamir/.espressif/tools/xtensa-esp-elf/esp-15.2.0_20251204/xtensa-esp-elf/xtensa-esp-elf/lib]
  collapse library dir [/home/aamir/.espressif/tools/xtensa-esp-elf/esp-15.2.0_20251204/xtensa-esp-elf/bin/../xtensa-esp-elf/lib] ==> [/home/aamir/.espressif/tools/xtensa-esp-elf/esp-15.2.0_20251204/xtensa-esp-elf/xtensa-esp-elf/lib]
  collapse library dir [/home/aamir/.espressif/tools/xtensa-esp-elf/esp-15.2.0_20251204/xtensa-esp-elf/bin/../xtensa-esp-elf/usr/lib] ==> [/home/aamir/.espressif/tools/xtensa-esp-elf/esp-15.2.0_20251204/xtensa-esp-elf/xtensa-esp-elf/usr/lib]
  implicit libs: [gcc;gcc;c;gcc]
  implicit objs: []
  implicit dirs: [/home/aamir/.espressif/tools/xtensa-esp-elf/esp-15.2.0_20251204/xtensa-esp-elf/picolibc/xtensa-esp-elf/lib/esp32/no-rtti;/home/aamir/.espressif/tools/xtensa-esp-elf/esp-15.2.0_20251204/xtensa-esp-elf/picolibc/xtensa-esp-elf/lib;/home/aamir/.espressif/tools/xtensa-esp-elf/esp-15.2.0_20251204/xtensa-esp-elf/picolibc/lib/gcc/xtensa-esp-elf/15.2.0/esp32/no-rtti;/home/aamir/.espressif/tools/xtensa-esp-elf/esp-15.2.0_20251204/xtensa-esp-elf/picolibc/lib/gcc/xtensa-esp-elf/15.2.0;/home/aamir/.espressif/tools/xtensa-esp-elf/esp-15.2.0_20251204/xtensa-esp-elf/lib/gcc/xtensa-esp-elf/15.2.0/esp32/no-rtti;/home/aamir/.espressif/tools/xtensa-esp-elf/esp-15.2.0_20251204/xtensa-esp-elf/xtensa-esp-elf/lib/esp32/no-rtti;/home/aamir/.espressif/tools/xtensa-esp-elf/esp-15.2.0_20251204/xtensa-esp-elf/lib/gcc/xtensa-esp-elf/15.2.0;/home/aamir/.espressif/tools/xtensa-esp-elf/esp-15.2.0_20251204/xtensa-esp-elf/lib/gcc;/home/aamir/.espressif/tools/xtensa-esp-elf/esp-15.2.0_20251204/xtensa-esp-elf/xtensa-esp-elf/lib;/home/aamir/.espressif/tools/xtensa-esp-elf/esp-15.2.0_20251204/xtensa-esp-elf/xtensa-esp-elf/usr/lib]
  implicit fwks: []


Detecting CXX compiler ABI info compiled with the following output:
Change Dir: /home/aamir/Projects/thermostat/build/bootloader/CMakeFiles/CMakeTmp

Run Build Command(s):/home/aamir/.espressif/tools/ninja/1.12.1/ninja cmTC_7edce && [1/2] Building CXX object CMakeFiles/cmTC_7edce.dir/CMakeCXXCompilerABI.cpp.obj
Using built-in specs.
Reading specs from /home/aamir/Projects/thermostat/build/bootloader/specs/picolibc.specs
rename spec link to picolibc_link
rename spec link_libgcc to picolibc_link_libgcc
rename spec cpp to picolibc_cpp
rename spec cc1 to picolibc_cc1
rename spec cc1plus to picolibc_cc1plus
COLLECT_GCC=/home/aamir/.espressif/tools/xtensa-esp-elf/esp-15.2.0_20251204/xtensa-esp-elf/bin/xtensa-esp-elf-g++
Target: xtensa-esp-elf
Configured with: /builds/idf/crosstool-NG/.build/xtensa-esp-elf/src/gcc/configure --build=x86_64-build_pc-linux-gnu --host=x86_64-build_pc-linux-gnu --target=xtensa-esp-elf --prefix=/builds/idf/crosstool-NG/builds/xtensa-esp-elf --exec_prefix=/builds/idf/crosstool-NG/builds/xtensa-esp-elf --with-local-prefix=/builds/idf/crosstool-NG/builds/xtensa-esp-elf/xtensa-esp-elf --with-sysroot=/builds/idf/crosstool-NG/builds/xtensa-esp-elf/xtensa-esp-elf --with-native-system-header-dir=/include --with-headers=/builds/idf/crosstool-NG/builds/xtensa-esp-elf/xtensa-esp-elf/include --with-newlib --enable-threads=no --disable-shared --with-pkgversion='crosstool-NG esp-15.2.0_20251204' --disable-__cxa_atexit --enable-cxx-flags='-ffunction-sections -fdata-sections' --disable-libgomp --disable-libmudflap --disable-libmpx --disable-libssp --disable-libquadmath --disable-libquadmath-support --disable-libstdcxx-verbose --with-gmp=/builds/idf/crosstool-NG/.build/xtensa-esp-elf/buildtools --with-mpfr=/builds/idf/crosstool-NG/.build/xtensa-esp-elf/buildtools --with-mpc=/builds/idf/crosstool-NG/.build/xtensa-esp-elf/buildtools --with-isl=/builds/idf/crosstool-NG/.build/xtensa-esp-elf/buildtools --enable-lto --enable-target-optspace --without-long-double-128 --enable-plugin --disable-nls --enable-multiarch --enable-languages=c,c++ --disable-libstdcxx-verbose --enable-threads=posix --enable-libstdcxx-time=yes --disable-win32-utf8-manifest
Thread model: posix
Supported LTO compression algorithms: zlib zstd
gcc version 15.2.0 (crosstool-NG esp-15.2.0_20251204) 
COLLECT_GCC_OPTIONS='-mdynconfig=xtensa_esp32.so' '-specs=/home/aamir/Projects/thermostat/build/bootloader/specs/picolibc.specs' '-Wno-frame-address' '-mlongcalls' '-fno-builtin-memcpy' '-fno-builtin-memset' '-fno-builtin-bzero' '-fno-rtti' '-v' '-o' 'CMakeFiles/cmTC_7edce.dir/CMakeCXXCompilerABI.cpp.obj' '-c' '-dumpdir' 'CMakeFiles/cmTC_7edce.dir/'
 /home/aamir/.espressif/tools/xtensa-esp-elf/esp-15.2.0_20251204/xtensa-esp-elf/bin/../libexec/gcc/xtensa-esp-elf/15.2.0/cc1plus -quiet -v -imultilib esp32/no-rtti -iprefix /home/aamir/.espressif/tools/xtensa-esp-elf/esp-15.2.0_20251204/xtensa-esp-elf/bin/../lib/gcc/xtensa-esp-elf/15.2.0/ -isysroot /home/aamir/.espressif/tools/xtensa-esp-elf/esp-15.2.0_20251204/xtensa-esp-elf/bin/../xtensa-esp-elf /usr/share/cmake-3.22/Modules/CMakeCXXCompilerABI.cpp -ftls-model=local-exec -quiet -dumpdir CMakeFiles/cmTC_7edce.dir/ -dumpbase CMakeCXXCompilerABI.cpp.cpp -dumpbase-ext .cpp -mdynconfig=xtensa_esp32.so -mlongcalls -Wno-frame-address -version -fno-builtin-memcpy -fno-builtin-memset -fno-builtin-bzero -fno-rtti -isystem /home/aamir/.espressif/tools/xtensa-esp-elf/esp-15.2.0_20251204/xtensa-esp-elf/bin/../xtensa-esp-elf/../picolibc/include -isystem /home/aamir/.espressif/tools/xtensa-esp-elf/esp-15.2.0_20251204/xtensa-esp-elf/bin/../xtensa-esp-elf/../picolibc/include/../xtensa-esp-elf/include/c++/15.2.0/xtensa-esp-elf/esp32/no-rtti -ftls-model=local-exec -o /tmp/ccsYApHD.s
GNU C++17 (crosstool-NG esp-15.2.0_20251204) version 15.2.0 (xtensa-esp-elf)
	compiled by GNU C version 6.3.0, GMP version 6.3.0, MPFR version 4.2.1, MPC version 1.3.1, isl version isl-0.26-GMP

GGC heuristics: --param ggc-min-expand=100 --param ggc-min-heapsize=131072
ignoring duplicate directory "/home/aamir/.espressif/tools/xtensa-esp-elf/esp-15.2.0_20251204/xtensa-esp-elf/bin/../lib/gcc/../../lib/gcc/xtensa-esp-elf/15.2.0/../../../../xtensa-esp-elf/include/c++/15.2.0"
ignoring duplicate directory "/home/aamir/.espressif/tools/xtensa-esp-elf/esp-15.2.0_20251204/xtensa-esp-elf/bin/../lib/gcc/../../lib/gcc/xtensa-esp-elf/15.2.0/../../../../xtensa-esp-elf/include/c++/15.2.0/xtensa-esp-elf/esp32/no-rtti"
ignoring duplicate directory "/home/aamir/.espressif/tools/xtensa-esp-elf/esp-15.2.0_20251204/xtensa-esp-elf/bin/../lib/gcc/../../lib/gcc/xtensa-esp-elf/15.2.0/../../../../xtensa-esp-elf/include/c++/15.2.0/backward"
ignoring duplicate directory "/home/aamir/.espressif/tools/xtensa-esp-elf/esp-15.2.0_20251204/xtensa-esp-elf/bin/../lib/gcc/../../lib/gcc/xtensa-esp-elf/15.2.0/include"
ignoring nonexistent directory "/home/aamir/.espressif/tools/xtensa-esp-elf/esp-15.2.0_20251204/xtensa-esp-elf/bin/../xtensa-esp-elf/builds/idf/crosstool-NG/builds/xtensa-esp-elf/xtensa-esp-elf/include"
ignoring duplicate directory "/home/aamir/.espressif/tools/xtensa-esp-elf/esp-15.2.0_20251204/xtensa-esp-elf/bin/../lib/gcc/../../lib/gcc/xtensa-esp-elf/15.2.0/include-fixed"
ignoring duplicate directory "/home/aamir/.espressif/tools/xtensa-esp-elf/esp-15.2.0_20251204/xtensa-esp-elf/bin/../lib/gcc/../../lib/gcc/xtensa-esp-elf/15.2.0/../../../../xtensa-esp-elf/include"
ignoring duplicate directory "/home/aamir/.espressif/tools/xtensa-esp-elf/esp-15.2.0_20251204/xtensa-esp-elf/bin/../xtensa-esp-elf/include"
#include "..." search starts here:
#include <...> search starts here:
 /home/aamir/.espressif/tools/xtensa-esp-elf/esp-15.2.0_20251204/xtensa-esp-elf/bin/../xtensa-esp-elf/../picolibc/include
 /home/aamir/.espressif/tools/xtensa-esp-elf/esp-15.2.0_20251204/xtensa-esp-elf/bin/../xtensa-esp-elf/../picolibc/include/../xtensa-esp-elf/include/c++/15.2.0/xtensa-esp-elf/esp32/no-rtti
 /home/aamir/.espressif/tools/xtensa-esp-elf/esp-15.2.0_20251204/xtensa-esp-elf/bin/../lib/gcc/xtensa-esp-elf/15.2.0/../../../../xtensa-esp-elf/include/c++/15.2.0
 /home/aamir/.espressif/tools/xtensa-esp-elf/esp-15.2.0_20251204/xtensa-esp-elf/bin/../lib/gcc/xtensa-esp-elf/15.2.0/../../../../xtensa-esp-elf/include/c++/15.2.0/xtensa-esp-elf/esp32/no-rtti
 /home/aamir/.espressif/tools/xtensa-esp-elf/esp-15.2.0_20251204/xtensa-esp-elf/bin/../lib/gcc/xtensa-esp-elf/15.2.0/../../../../xtensa-esp-elf/include/c++/15.2.0/backward
 /home/aamir/.espressif/tools/xtensa-esp-elf/esp-15.2.0_20251204/xtensa-esp-elf/bin/../lib/gcc/xtensa-esp-elf/15.2.0/include
 /home/aamir/.espressif/tools/xtensa-esp-elf/esp-15.2.0_20251204/xtensa-esp-elf/bin/../lib/gcc/xtensa-esp-elf/15.2.0/include-fixed
 /home/aamir/.espressif/tools/xtensa-esp-elf/esp-15.2.0_20251204/xtensa-esp-elf/bin/../lib/gcc/xtensa-esp-elf/15.2.0/../../../../xtensa-esp-elf/include
End of search list.
Compiler executable checksum: ddaf5163ec1d262ade9e7a5c85eeee1b
COLLECT_GCC_OPTIONS='-mdynconfig=xtensa_esp32.so' '-specs=/home/aamir/Projects/thermostat/build/bootloader/specs/picolibc.specs' '-Wno-frame-address' '-mlongcalls' '-fno-builtin-memcpy' '-fno-builtin-memset' '-fno-builtin-bzero' '-fno-rtti' '-v' '-o' 'CMakeFiles/cmTC_7edce.dir/CMakeCXXCompilerABI.cpp.obj' '-c' '-dumpdir' 'CMakeFiles/cmTC_7edce.dir/'
 /home/aamir/.espressif/tools/xtensa-esp-elf/esp-15.2.0_20251204/xtensa-esp-elf/bin/../lib/gcc/xtensa-esp-elf/15.2.0/../../../../xtensa-esp-elf/bin/as --traditional-format --longcalls --dynconfig=xtensa_esp32.so -o CMakeFiles/cmTC_7edce.dir/CMakeCXXCompilerABI.cpp.obj /tmp/ccsYApHD.s
COMPILER_PATH=/home/aamir/.espressif/tools/xtensa-esp-elf/esp-15.2.0_20251204/xtensa-esp-elf/bin/../libexec/gcc/xtensa-esp-elf/15.2.0/:/home/aamir/.espressif/tools/xtensa-esp-elf/esp-15.2.0_20251204/xtensa-esp-elf/bin/../libexec/gcc/:/home/aamir/.espressif/tools/xtensa-esp-elf/esp-15.2.0_20251204/xtensa-esp-elf/bin/../lib/gcc/xtensa-esp-elf/15.2.0/../../../../xtensa-esp-elf/bin/
LIBRARY_PATH=/home/aamir/.espressif/tools/xtensa-esp-elf/esp-15.2.0_20251204/xtensa-esp-elf/bin/../lib/gcc/xtensa-esp-elf/15.2.0/esp32/no-rtti/:/home/aamir/.espressif/tools/xtensa-esp-elf/esp-15.2.0_20251204/xtensa-esp-elf/bin/../lib/gcc/xtensa-esp-elf/15.2.0/../../../../xtensa-esp-elf/lib/esp32/no-rtti/:/home/aamir/.espressif/tools/xtensa-esp-elf/esp-15.2.0_20251204/xtensa-esp-elf/bin/../xtensa-esp-elf/lib/esp32/no-rtti/:/home/aamir/.espressif/tools/xtensa-esp-elf/esp-15.2.0_20251204/xtensa-esp-elf/bin/../lib/gcc/xtensa-esp-elf/15.2.0/:/home/aamir/.espressif/tools/xtensa-esp-elf/esp-15.2.0_20251204/xtensa-esp-elf/bin/../lib/gcc/:/home/aamir/.espressif/tools/xtensa-esp-elf/esp-15.2.0_20251204/xtensa-esp-elf/bin/../lib/gcc/xtensa-esp-elf/15.2.0/../../../../xtensa-esp-elf/lib/:/home/aamir/.espressif/tools/xtensa-esp-elf/esp-15.2.0_20251204/xtensa-esp-elf/bin/../xtensa-esp-elf/lib/:/home/aamir/.espressif/tools/xtensa-esp-elf/esp-15.2.0_20251204/xtensa-esp-elf/bin/../xtensa-esp-elf/usr/lib/
COLLECT_GCC_OPTIONS='-mdynconfig=xtensa_esp32.so' '-specs=/home/aamir/Projects/thermostat/build/bootloader/specs/picolibc.specs' '-Wno-frame-address' '-mlongcalls' '-fno-builtin-memcpy' '-fno-builtin-memset' '-fno-builtin-bzero' '-fno-rtti' '-v' '-o' 'CMakeFiles/cmTC_7edce.dir/CMakeCXXCompilerABI.cpp.obj' '-c' '-dumpdir' 'CMakeFiles/cmTC_7edce.dir/CMakeCXXCompilerABI.cpp.'
[2/2] Linking CXX executable cmTC_7edce
Using built-in specs.
Reading specs from /home/aamir/Projects/thermostat/build/bootloader/specs/picolibc.specs
rename spec link to picolibc_link
rename spec link_libgcc to picolibc_link_libgcc
rename spec cpp to picolibc_cpp
rename spec cc1 to picolibc_cc1
rename spec cc1plus to picolibc_cc1plus
COLLECT_GCC=/home/aamir/.espressif/tools/xtensa-esp-elf/esp-15.2.0_20251204/xtensa-esp-elf/bin/xtensa-esp-elf-g++
COLLECT_LTO_WRAPPER=/home/aamir/.espressif/tools/xtensa-esp-elf/esp-15.2.0_20251204/xtensa-esp-elf/bin/../libexec/gcc/xtensa-esp-elf/15.2.0/lto-wrapper
Target: xtensa-esp-elf
Configured with: /builds/idf/crosstool-NG/.build/xtensa-esp-elf/src/gcc/configure --build=x86_64-build_pc-linux-gnu --host=x86_64-build_pc-linux-gnu --target=xtensa-esp-elf --prefix=/builds/idf/crosstool-NG/builds/xtensa-esp-elf --exec_prefix=/builds/idf/crosstool-NG/builds/xtensa-esp-elf --with-local-prefix=/builds/idf/crosstool-NG/builds/xtensa-esp-elf/xtensa-esp-elf --with-sysroot=/builds/idf/crosstool-NG/builds/xtensa-esp-elf/xtensa-esp-elf --with-native-system-header-dir=/include --with-headers=/builds/idf/crosstool-NG/builds/xtensa-esp-elf/xtensa-esp-elf/include --with-newlib --enable-threads=no --disable-shared --with-pkgversion='crosstool-NG esp-15.2.0_20251204' --disable-__cxa_atexit --enable-cxx-flags='-ffunction-sections -fdata-sections' --disable-libgomp --disable-libmudflap --disable-libmpx --disable-libssp --disable-libquadmath --disable-libquadmath-support --disable-libstdcxx-verbose --with-gmp=/builds/idf/crosstool-NG/.build/xtensa-esp-elf/buildtools --with-mpfr=/builds/idf/crosstool-NG/.build/xtensa-esp-elf/buildtools --with-mpc=/builds/idf/crosstool-NG/.build/xtensa-esp-elf/buildtools --with-isl=/builds/idf/crosstool-NG/.build/xtensa-esp-elf/buildtools --enable-lto --enable-target-optspace --without-long-double-128 --enable-plugin --disable-nls --enable-multiarch --enable-languages=c,c++ --disable-libstdcxx-verbose --enable-threads=posix --enable-libstdcxx-time=yes --disable-win32-utf8-manifest
Thread model: posix
Supported LTO compression algorithms: zlib zstd
gcc version 15.2.0 (crosstool-NG esp-15.2.0_20251204) 
COMPILER_PATH=/home/aamir/.espressif/tools/xtensa-esp-elf/esp-15.2.0_20251204/xtensa-esp-elf/bin/../libexec/gcc/xtensa-esp-elf/15.2.0/:/home/aamir/.espressif/tools/xtensa-esp-elf/esp-15.2.0_20251204/xtensa-esp-elf/bin/../libexec/gcc/:/home/aamir/.espressif/tools/xtensa-esp-elf/esp-15.2.0_20251204/xtensa-esp-elf/bin/../lib/gcc/xtensa-esp-elf/15.2.0/../../../../xtensa-esp-elf/bin/
LIBRARY_PATH=/home/aamir/.espressif/tools/xtensa-esp-elf/esp-15.2.0_20251204/xtensa-esp-elf/bin/../lib/gcc/xtensa-esp-elf/15.2.0/esp32/no-rtti/:/home/aamir/.espressif/tools/xtensa-esp-elf/esp-15.2.0_20251204/xtensa-esp-elf/bin/../lib/gcc/xtensa-esp-elf/15.2.0/../../../../xtensa-esp-elf/lib/esp32/no-rtti/:/home/aamir/.espressif/tools/xtensa-esp-elf/esp-15.2.0_20251204/xtensa-esp-elf/bin/../xtensa-esp-elf/lib/esp32/no-rtti/:/home/aamir/.espressif/tools/xtensa-esp-elf/esp-15.2.0_20251204/xtensa-esp-elf/bin/../lib/gcc/xtensa-esp-elf/15.2.0/:/home/aamir/.espressif/tools/xtensa-esp-elf/esp-15.2.0_20251204/xtensa-esp-elf/bin/../lib/gcc/:/home/aamir/.espressif/tools/xtensa-esp-elf/esp-15.2.0_20251204/xtensa-esp-elf/bin/../lib/gcc/xtensa-esp-elf/15.2.0/../../../../xtensa-esp-elf/lib/:/home/aamir/.espressif/tools/xtensa-esp-elf/esp-15.2.0_20251204/xtensa-esp-elf/bin/../xtensa-esp-elf/lib/:/home/aamir/.espressif/tools/xtensa-esp-elf/esp-15.2.0_20251204/xtensa-esp-elf/bin/../xtensa-esp-elf/usr/lib/
COLLECT_GCC_OPTIONS='-mdynconfig=xtensa_esp32.so' '-specs=/home/aamir/Projects/thermostat/build/bootloader/specs/picolibc.specs' '-Wno-frame-address' '-mlongcalls' '-fno-builtin-memcpy' '-fno-builtin-memset' '-fno-builtin-bzero' '-nostartfiles' '-fno-rtti' '-v' '-o' 'cmTC_7edce' '-dumpdir' 'cmTC_7edce.'
 /home/aamir/.espressif/tools/xtensa-esp-elf/esp-15.2.0_20251204/xtensa-esp-elf/bin/../libexec/gcc/xtensa-esp-elf/15.2.0/collect2 -plugin /home/aamir/.espressif/tools/xtensa-esp-elf/esp-15.2.0_20251204/xtensa-esp-elf/bin/../libexec/gcc/xtensa-esp-elf/15.2.0/liblto_plugin.so -plugin-opt=/home/aamir/.espressif/tools/xtensa-esp-elf/esp-15.2.0_20251204/xtensa-esp-elf/bin/../libexec/gcc/xtensa-esp-elf/15.2.0/lto-wrapper -plugin-opt=-fresolution=/tmp/cc1SpA0R.res -plugin-opt=-pass-through=-lgcc -plugin-opt=-pass-through=-lgcc -plugin-opt=-pass-through=-lc -plugin-opt=-pass-through=-lgcc -L/home/aamir/.espressif/tools/xtensa-esp-elf/esp-15.2.0_20251204/xtensa-esp-elf/bin/../xtensa-esp-elf/../picolibc/xtensa-esp-elf/lib/esp32/no-rtti -L/home/aamir/.espressif/tools/xtensa-esp-elf/esp-15.2.0_20251204/xtensa-esp-elf/bin/../xtensa-esp-elf/../picolibc/xtensa-esp-elf/lib -Tpicolibc.ld --sysroot=/home/aamir/.espressif/tools/xtensa-esp-elf/esp-15.2.0_20251204/xtensa-esp-elf/bin/../xtensa-esp-elf --dynconfig=xtensa_esp32.so -o cmTC_7edce -L/home/aamir/.espressif/tools/xtensa-esp-elf/esp-15.2.0_20251204/xtensa-esp-elf/bin/../xtensa-esp-elf/../picolibc/lib/gcc/xtensa-esp-elf/15.2.0/esp32/no-rtti -L/home/aamir/.espressif/tools/xtensa-esp-elf/esp-15.2.0_20251204/xtensa-esp-elf/bin/../xtensa-esp-elf/../picolibc/lib/gcc/xtensa-esp-elf/15.2.0 -L/home/aamir/.espressif/tools/xtensa-esp-elf/esp-15.2.0_20251204/xtensa-esp-elf/bin/../lib/gcc/xtensa-esp-elf/15.2.0/esp32/no-rtti -L/home/aamir/.espressif/tools/xtensa-esp-elf/esp-15.2.0_20251204/xtensa-esp-elf/bin/../lib/gcc/xtensa-esp-elf/15.2.0/../../../../xtensa-esp-elf/lib/esp32/no-rtti -L/home/aamir/.espressif/tools/xtensa-esp-elf/esp-15.2.0_20251204/xtensa-esp-elf/bin/../xtensa-esp-elf/lib/esp32/no-rtti -L/home/aamir/.espressif/tools/xtensa-esp-elf/esp-15.2.0_20251204/xtensa-esp-elf/bin/../lib/gcc/xtensa-esp-elf/15.2.0 -L/home/aamir/.espressif/tools/xtensa-esp-elf/esp-15.2.0_20251204/xtensa-esp-elf/bin/../lib/gcc -L/home/aamir/.espressif/tools/xtensa-esp-elf/esp-15.2.0_20251204/xtensa-esp-elf/bin/../lib/gcc/xtensa-esp-elf/15.2.0/../../../../xtensa-esp-elf/lib -L/home/aamir/.espressif/tools/xtensa-esp-elf/esp-15.2.0_20251204/xtensa-esp-elf/bin/../xtensa-esp-elf/lib -L/home/aamir/.espressif/tools/xtensa-esp-elf/esp-15.2.0_20251204/xtensa-esp-elf/bin/../xtensa-esp-elf/usr/lib @/tmp/cc0Glq8b -lgcc --start-group -lgcc -lc --end-group -lgcc
/home/aamir/.espressif/tools/xtensa-esp-elf/esp-15.2.0_20251204/xtensa-esp-elf/bin/../lib/gcc/xtensa-esp-elf/15.2.0/../../../../xtensa-esp-elf/bin/ld: warning: cannot find entry symbol _start; defaulting to 10000000
COLLECT_GCC_OPTIONS='-mdynconfig=xtensa_esp32.so' '-specs=/home/aamir/Projects/thermostat/build/bootloader/specs/picolibc.specs' '-Wno-frame-address' '-mlongcalls' '-fno-builtin-memcpy' '-fno-builtin-memset' '-fno-builtin-bzero' '-nostartfiles' '-fno-rtti' '-v' '-o' 'cmTC_7edce' '-dumpdir' 'cmTC_7edce.'



Parsed CXX implicit include dir info from above output: rv=done
  found start of include info
  found start of implicit include info
    add: [/home/aamir/.espressif/tools/xtensa-esp-elf/esp-15.2.0_20251204/xtensa-esp-elf/bin/../xtensa-esp-elf/../picolibc/include]
    add: [/home/aamir/.espressif/tools/xtensa-esp-elf/esp-15.2.0_20251204/xtensa-esp-elf/bin/../xtensa-esp-elf/../picolibc/include/../xtensa-esp-elf/include/c++/15.2.0/xtensa-esp-elf/esp32/no-rtti]
    add: [/home/aamir/.espressif/tools/xtensa-esp-elf/esp-15.2.0_20251204/xtensa-esp-elf/bin/../lib/gcc/xtensa-esp-elf/15.2.0/../../../../xtensa-esp-elf/include/c++/15.2.0]
    add: [/home/aamir/.espressif/tools/xtensa-esp-elf/esp-15.2.0_20251204/xtensa-esp-elf/bin/../lib/gcc/xtensa-esp-elf/15.2.0/../../../../xtensa-esp-elf/include/c++/15.2.0/xtensa-esp-elf/esp32/no-rtti]
    add: [/home/aamir/.espressif/tools/xtensa-esp-elf/esp-15.2.0_20251204/xtensa-esp-elf/bin/../lib/gcc/xtensa-esp-elf/15.2.0/../../../../xtensa-esp-elf/include/c++/15.2.0/backward]
    add: [/home/aamir/.espressif/tools/xtensa-esp-elf/esp-15.2.0_20251204/xtensa-esp-elf/bin/../lib/gcc/xtensa-esp-elf/15.2.0/include]
    add: [/home/aamir/.espressif/tools/xtensa-esp-elf/esp-15.2.0_20251204/xtensa-esp-elf/bin/../lib/gcc/xtensa-esp-elf/15.2.0/include-fixed]
    add: [/home/aamir/.espressif/tools/xtensa-esp-elf/esp-15.2.0_20251204/xtensa-esp-elf/bin/../lib/gcc/xtensa-esp-elf/15.2.0/../../../../xtensa-esp-elf/include]
  end of search list found
  collapse include dir [/home/aamir/.espressif/tools/xtensa-esp-elf/esp-15.2.0_20251204/xtensa-esp-elf/bin/../xtensa-esp-elf/../picolibc/include] ==> [/home/aamir/.espressif/tools/xtensa-esp-elf/esp-15.2.0_20251204/xtensa-esp-elf/picolibc/include]
  collapse include dir [/home/aamir/.espressif/tools/xtensa-esp-elf/esp-15.2.0_20251204/xtensa-esp-elf/bin/../xtensa-esp-elf/../picolibc/include/../xtensa-esp-elf/include/c++/15.2.0/xtensa-esp-elf/esp32/no-rtti] ==> [/home/aamir/.espressif/tools/xtensa-esp-elf/esp-15.2.0_20251204/xtensa-esp-elf/picolibc/xtensa-esp-elf/include/c++/15.2.0/xtensa-esp-elf/esp32/no-rtti]
  collapse include dir [/home/aamir/.espressif/tools/xtensa-esp-elf/esp-15.2.0_20251204/xtensa-esp-elf/bin/../lib/gcc/xtensa-esp-elf/15.2.0/../../../../xtensa-esp-elf/include/c++/15.2.0] ==> [/home/aamir/.espressif/tools/xtensa-esp-elf/esp-15.2.0_20251204/xtensa-esp-elf/xtensa-esp-elf/include/c++/15.2.0]
  collapse include dir [/home/aamir/.espressif/tools/xtensa-esp-elf/esp-15.2.0_20251204/xtensa-esp-elf/bin/../lib/gcc/xtensa-esp-elf/15.2.0/../../../../xtensa-esp-elf/include/c++/15.2.0/xtensa-esp-elf/esp32/no-rtti] ==> [/home/aamir/.espressif/tools/xtensa-esp-elf/esp-15.2.0_20251204/xtensa-esp-elf/xtensa-esp-elf/include/c++/15.2.0/xtensa-esp-elf/esp32/no-rtti]
  collapse include dir [/home/aamir/.espressif/tools/xtensa-esp-elf/esp-15.2.0_20251204/xtensa-esp-elf/bin/../lib/gcc/xtensa-esp-elf/15.2.0/../../../../xtensa-esp-elf/include/c++/15.2.0/backward] ==> [/home/aamir/.espressif/tools/xtensa-esp-elf/esp-15.2.0_20251204/xtensa-esp-elf/xtensa-esp-elf/include/c++/15.2.0/backward]
  collapse include dir [/home/aamir/.espressif/tools/xtensa-esp-elf/esp-15.2.0_20251204/xtensa-esp-elf/bin/../lib/gcc/xtensa-esp-elf/15.2.0/include] ==> [/home/aamir/.espressif/tools/xtensa-esp-elf/esp-15.2.0_20251204/xtensa-esp-elf/lib/gcc/xtensa-esp-elf/15.2.0/include]
  collapse include dir [/home/aamir/.espressif/tools/xtensa-esp-elf/esp-15.2.0_20251204/xtensa-esp-elf/bin/../lib/gcc/xtensa-esp-elf/15.2.0/include-fixed] ==> [/home/aamir/.espressif/tools/xtensa-esp-elf/esp-15.2.0_20251204/xtensa-esp-elf/lib/gcc/xtensa-esp-elf/15.2.0/include-fixed]
  collapse include dir [/home/aamir/.espressif/tools/xtensa-esp-elf/esp-15.2.0_20251204/xtensa-esp-elf/bin/../lib/gcc/xtensa-esp-elf/15.2.0/../../../../xtensa-esp-elf/include] ==> [/home/aamir/.espressif/tools/xtensa-esp-elf/esp-15.2.0_20251204/xtensa-esp-elf/xtensa-esp-elf/include]
  implicit include dirs: [/home/aamir/.espressif/tools/xtensa-esp-elf/esp-15.2.0_20251204/xtensa-esp-elf/picolibc/include;/home/aamir/.espressif/tools/xtensa-esp-elf/esp-15.2.0_20251204/xtensa-esp-elf/picolibc/xtensa-esp-elf/include/c++/15.2.0/xtensa-esp-elf/esp32/no-rtti;/home/aamir/.espressif/tools/xtensa-esp-elf/esp-15.2.0_20251204/xtensa-esp-elf/xtensa-esp-elf/include/c++/15.2.0;/home/aamir/.espressif/tools/xtensa-esp-elf/esp-15.2.0_20251204/xtensa-esp-elf/xtensa-esp-elf/include/c++/15.2.0/xtensa-esp-elf/esp32/no-rtti;/home/aamir/.espressif/tools/xtensa-esp-elf/esp-15.2.0_20251204/xtensa-esp-elf/xtensa-esp-elf/include/c++/15.2.0/backward;/home/aamir/.espressif/tools/xtensa-esp-elf/esp-15.2.0_20251204/xtensa-esp-elf/lib/gcc/xtensa-esp-elf/15.2.0/include;/home/aamir/.espressif/tools/xtensa-esp-elf/esp-15.2.0_20251204/xtensa-esp-elf/lib/gcc/xtensa-esp-elf/15.2.0/include-fixed;/home/aamir/.espressif/tools/xtensa-esp-elf/esp-15.2.0_20251204/xtensa-esp-elf/xtensa-esp-elf/include]


Parsed CXX implicit link information from above output:
  link line regex: [^( *|.*[/\])(xtensa-esp32-elf-ld|CMAKE_LINK_STARTFILE-NOTFOUND|([^/\]+-)?ld|collect2)[^/\]*( |$)]
  ignore line: [Change Dir: /home/aamir/Projects/thermostat/build/bootloader/CMakeFiles/CMakeTmp]
  ignore line: []
  ignore line: [Run Build Command(s):/home/aamir/.espressif/tools/ninja/1.12.1/ninja cmTC_7edce && [1/2] Building CXX object CMakeFiles/cmTC_7edce.dir/CMakeCXXCompilerABI.cpp.obj]
  ignore line: [Using built-in specs.]
  ignore line: [Reading specs from /home/aamir/Projects/thermostat/build/bootloader/specs/picolibc.specs]
  ignore line: [rename spec link to picolibc_link]
  ignore line: [rename spec link_libgcc to picolibc_link_libgcc]
  ignore line: [rename spec cpp to picolibc_cpp]
  ignore line: [rename spec cc1 to picolibc_cc1]
  ignore line: [rename spec cc1plus to picolibc_cc1plus]
  ignore line: [COLLECT_GCC=/home/aamir/.espressif/tools/xtensa-esp-elf/esp-15.2.0_20251204/xtensa-esp-elf/bin/xtensa-esp-elf-g++]
  ignore line: [Target: xtensa-esp-elf]
  ignore line: [Configured with: /builds/idf/crosstool-NG/.build/xtensa-esp-elf/src/gcc/configure --build=x86_64-build_pc-linux-gnu --host=x86_64-build_pc-linux-gnu --target=xtensa-esp-elf --prefix=/builds/idf/crosstool-NG/builds/xtensa-esp-elf --exec_prefix=/builds/idf/crosstool-NG/builds/xtensa-esp-elf --with-local-prefix=/builds/idf/crosstool-NG/builds/xtensa-esp-elf/xtensa-esp-elf --with-sysroot=/builds/idf/crosstool-NG/builds/xtensa-esp-elf/xtensa-esp-elf --with-native-system-header-dir=/include --with-headers=/builds/idf/crosstool-NG/builds/xtensa-esp-elf/xtensa-esp-elf/include --with-newlib --enable-threads=no --disable-shared --with-pkgversion='crosstool-NG esp-15.2.0_20251204' --disable-__cxa_atexit --enable-cxx-flags='-ffunction-sections -fdata-sections' --disable-libgomp --disable-libmudflap --disable-libmpx --disable-libssp --disable-libquadmath --disable-libquadmath-support --disable-libstdcxx-verbose --with-gmp=/builds/idf/crosstool-NG/.build/xtensa-esp-elf/buildtools --with-mpfr=/builds/idf/crosstool-NG/.build/xtensa-esp-elf/buildtools --with-mpc=/builds/idf/crosstool-NG/.build/xtensa-esp-elf/buildtools --with-isl=/builds/idf/crosstool-NG/.build/xtensa-esp-elf/buildtools --enable-lto --enable-target-optspace --without-long-double-128 --enable-plugin --disable-nls --enable-multiarch --enable-languages=c c++ --disable-libstdcxx-verbose --enable-threads=posix --enable-libstdcxx-time=yes --disable-win32-utf8-manifest]
  ignore line: [Thread model: posix]
  ignore line: [Supported LTO compression algorithms: zlib zstd]
  ignore line: [gcc version 15.2.0 (crosstool-NG esp-15.2.0_20251204) ]
  ignore line: [COLLECT_GCC_OPTIONS='-mdynconfig=xtensa_esp32.so' '-specs=/home/aamir/Projects/thermostat/build/bootloader/specs/picolibc.specs' '-Wno-frame-address' '-mlongcalls' '-fno-builtin-memcpy' '-fno-builtin-memset' '-fno-builtin-bzero' '-fno-rtti' '-v' '-o' 'CMakeFiles/cmTC_7edce.dir/CMakeCXXCompilerABI.cpp.obj' '-c' '-dumpdir' 'CMakeFiles/cmTC_7edce.dir/']
  ignore line: [ /home/aamir/.espressif/tools/xtensa-esp-elf/esp-15.2.0_20251204/xtensa-esp-elf/bin/../libexec/gcc/xtensa-esp-elf/15.2.0/cc1plus -quiet -v -imultilib esp32/no-rtti -iprefix /home/aamir/.espressif/tools/xtensa-esp-elf/esp-15.2.0_20251204/xtensa-esp-elf/bin/../lib/gcc/xtensa-esp-elf/15.2.0/ -isysroot /home/aamir/.espressif/tools/xtensa-esp-elf/esp-15.2.0_20251204/xtensa-esp-elf/bin/../xtensa-esp-elf /usr/share/cmake-3.22/Modules/CMakeCXXCompilerABI.cpp -ftls-model=local-exec -quiet -dumpdir CMakeFiles/cmTC_7edce.dir/ -dumpbase CMakeCXXCompilerABI.cpp.cpp -dumpbase-ext .cpp -mdynconfig=xtensa_esp32.so -mlongcalls -Wno-frame-address -version -fno-builtin-memcpy -fno-builtin-memset -fno-builtin-bzero -fno-rtti -isystem /home/aamir/.espressif/tools/xtensa-esp-elf/esp-15.2.0_20251204/xtensa-esp-elf/bin/../xtensa-esp-elf/../picolibc/include -isystem /home/aamir/.espressif/tools/xtensa-esp-elf/esp-15.2.0_20251204/xtensa-esp-elf/bin/../xtensa-esp-elf/../picolibc/include/../xtensa-esp-elf/include/c++/15.2.0/xtensa-esp-elf/esp32/no-rtti -ftls-model=local-exec -o /tmp/ccsYApHD.s]
  ignore line: [GNU C++17 (crosstool-NG esp-15.2.0_20251204) version 15.2.0 (xtensa-esp-elf)]
  ignore line: [	compiled by GNU C version 6.3.0  GMP version 6.3.0  MPFR version 4.2.1  MPC version 1.3.1  isl version isl-0.26-GMP]
  ignore line: []
  ignore line: [GGC heuristics: --param ggc-min-expand=100 --param ggc-min-heapsize=131072]
  ignore line: [ignoring duplicate directory "/home/aamir/.espressif/tools/xtensa-esp-elf/esp-15.2.0_20251204/xtensa-esp-elf/bin/../lib/gcc/../../lib/gcc/xtensa-esp-elf/15.2.0/../../../../xtensa-esp-elf/include/c++/15.2.0"]
  ignore line: [ignoring duplicate directory "/home/aamir/.espressif/tools/xtensa-esp-elf/esp-15.2.0_20251204/xtensa-esp-elf/bin/../lib/gcc/../../lib/gcc/xtensa-esp-elf/15.2.0/../../../../xtensa-esp-elf/include/c++/15.2.0/xtensa-esp-elf/esp32/no-rtti"]
  ignore line: [ignoring duplicate directory "/home/aamir/.espressif/tools/xtensa-esp-elf/esp-15.2.0_20251204/xtensa-esp-elf/bin/../lib/gcc/../../lib/gcc/xtensa-esp-elf/15.2.0/../../../../xtensa-esp-elf/include/c++/15.2.0/backward"]
  ignore line: [ignoring duplicate directory "/home/aamir/.espressif/tools/xtensa-esp-elf/esp-15.2.0_20251204/xtensa-esp-elf/bin/../lib/gcc/../../lib/gcc/xtensa-esp-elf/15.2.0/include"]
  ignore line: [ignoring nonexistent directory "/home/aamir/.espressif/tools/xtensa-esp-elf/esp-15.2.0_20251204/xtensa-esp-elf/bin/../xtensa-esp-elf/builds/idf/crosstool-NG/builds/xtensa-esp-elf/xtensa-esp-elf/include"]
  ignore line: [ignoring duplicate directory "/home/aamir/.espressif/tools/xtensa-esp-elf/esp-15.2.0_20251204/xtensa-esp-elf/bin/../lib/gcc/../../lib/gcc/xtensa-esp-elf/15.2.0/include-fixed"]
  ignore line: [ignoring duplicate directory "/home/aamir/.espressif/tools/xtensa-esp-elf/esp-15.2.0_20251204/xtensa-esp-elf/bin/../lib/gcc/../../lib/gcc/xtensa-esp-elf/15.2.0/../../../../xtensa-esp-elf/include"]
  ignore line: [ignoring duplicate directory "/home/aamir/.espressif/tools/xtensa-esp-elf/esp-15.2.0_20251204/xtensa-esp-elf/bin/../xtensa-esp-elf/include"]
  ignore line: [#include "..." search starts here:]
  ignore line: [#include <...> search starts here:]
  ignore line: [ /home/aamir/.espressif/tools/xtensa-esp-elf/esp-15.2.0_20251204/xtensa-esp-elf/bin/../xtensa-esp-elf/../picolibc/include]
  ignore line: [ /home/aamir/.espressif/tools/xtensa-esp-elf/esp-15.2.0_20251204/xtensa-esp-elf/bin/../xtensa-esp-elf/../picolibc/include/../xtensa-esp-elf/include/c++/15.2.0/xtensa-esp-elf/esp32/no-rtti]
  ignore line: [ /home/aamir/.espressif/tools/xtensa-esp-elf/esp-15.2.0_20251204/xtensa-esp-elf/bin/../lib/gcc/xtensa-esp-elf/15.2.0/../../../../xtensa-esp-elf/include/c++/15.2.0]
  ignore line: [ /home/aamir/.espressif/tools/xtensa-esp-elf/esp-15.2.0_20251204/xtensa-esp-elf/bin/../lib/gcc/xtensa-esp-elf/15.2.0/../../../../xtensa-esp-elf/include/c++/15.2.0/xtensa-esp-elf/esp32/no-rtti]
  ignore line: [ /home/aamir/.espressif/tools/xtensa-esp-elf/esp-15.2.0_20251204/xtensa-esp-elf/bin/../lib/gcc/xtensa-esp-elf/15.2.0/../../../../xtensa-esp-elf/include/c++/15.2.0/backward]
  ignore line: [ /home/aamir/.espressif/tools/xtensa-esp-elf/esp-15.2.0_20251204/xtensa-esp-elf/bin/../lib/gcc/xtensa-esp-elf/15.2.0/include]
  ignore line: [ /home/aamir/.espressif/tools/xtensa-esp-elf/esp-15.2.0_20251204/xtensa-esp-elf/bin/../lib/gcc/xtensa-esp-elf/15.2.0/include-fixed]
  ignore line: [ /home/aamir/.espressif/tools/xtensa-esp-elf/esp-15.2.0_20251204/xtensa-esp-elf/bin/../lib/gcc/xtensa-esp-elf/15.2.0/../../../../xtensa-esp-elf/include]
  ignore line: [End of search list.]
  ignore line: [Compiler executable checksum: ddaf5163ec1d262ade9e7a5c85eeee1b]
  ignore line: [COLLECT_GCC_OPTIONS='-mdynconfig=xtensa_esp32.so' '-specs=/home/aamir/Projects/thermostat/build/bootloader/specs/picolibc.specs' '-Wno-frame-address' '-mlongcalls' '-fno-builtin-memcpy' '-fno-builtin-memset' '-fno-builtin-bzero' '-fno-rtti' '-v' '-o' 'CMakeFiles/cmTC_7edce.dir/CMakeCXXCompilerABI.cpp.obj' '-c' '-dumpdir' 'CMakeFiles/cmTC_7edce.dir/']
  ignore line: [ /home/aamir/.espressif/tools/xtensa-esp-elf/esp-15.2.0_20251204/xtensa-esp-elf/bin/../lib/gcc/xtensa-esp-elf/15.2.0/../../../../xtensa-esp-elf/bin/as --traditional-format --longcalls --dynconfig=xtensa_esp32.so -o CMakeFiles/cmTC_7edce.dir/CMakeCXXCompilerABI.cpp.obj /tmp/ccsYApHD.s]
  ignore line: [COMPILER_PATH=/home/aamir/.espressif/tools/xtensa-esp-elf/esp-15.2.0_20251204/xtensa-esp-elf/bin/../libexec/gcc/xtensa-esp-elf/15.2.0/:/home/aamir/.espressif/tools/xtensa-esp-elf/esp-15.2.0_20251204/xtensa-esp-elf/bin/../libexec/gcc/:/home/aamir/.espressif/tools/xtensa-esp-elf/esp-15.2.0_20251204/xtensa-esp-elf/bin/../lib/gcc/xtensa-esp-elf/15.2.0/../../../../xtensa-esp-elf/bin/]
  ignore line: [LIBRARY_PATH=/home/aamir/.espressif/tools/xtensa-esp-elf/esp-15.2.0_20251204/xtensa-esp-elf/bin/../lib/gcc/xtensa-esp-elf/15.2.0/esp32/no-rtti/:/home/aamir/.espressif/tools/xtensa-esp-elf/esp-15.2.0_20251204/xtensa-esp-elf/bin/../lib/gcc/xtensa-esp-elf/15.2.0/../../../../xtensa-esp-elf/lib/esp32/no-rtti/:/home/aamir/.espressif/tools/xtensa-esp-elf/esp-15.2.0_20251204/xtensa-esp-elf/bin/../xtensa-esp-elf/lib/esp32/no-rtti/:/home/aamir/.espressif/tools/xtensa-esp-elf/esp-15.2.0_20251204/xtensa-esp-elf/bin/../lib/gcc/xtensa-esp-elf/15.2.0/:/home/aamir/.espressif/tools/xtensa-esp-elf/esp-15.2.0_20251204/xtensa-esp-elf/bin/../lib/gcc/:/home/aamir/.espressif/tools/xtensa-esp-elf/esp-15.2.0_20251204/xtensa-esp-elf/bin/../lib/gcc/xtensa-esp-elf/15.2.0/../../../../xtensa-esp-elf/lib/:/home/aamir/.espressif/tools/xtensa-esp-elf/esp-15.2.0_20251204/xtensa-esp-elf/bin/../xtensa-esp-elf/lib/:/home/aamir/.espressif/tools/xtensa-esp-elf/esp-15.2.0_20251204/xtensa-esp-elf/bin/../xtensa-esp-elf/usr/lib/]
  ignore line: [COLLECT_GCC_OPTIONS='-mdynconfig=xtensa_esp32.so' '-specs=/home/aamir/Projects/thermostat/build/bootloader/specs/picolibc.specs' '-Wno-frame-address' '-mlongcalls' '-fno-builtin-memcpy' '-fno-builtin-memset' '-fno-builtin-bzero' '-fno-rtti' '-v' '-o' 'CMakeFiles/cmTC_7edce.dir/CMakeCXXCompilerABI.cpp.obj' '-c' '-dumpdir' 'CMakeFiles/cmTC_7edce.dir/CMakeCXXCompilerABI.cpp.']
  ignore line: [[2/2] Linking CXX executable cmTC_7edce]
  ignore line: [Using built-in specs.]
  ignore line: [Reading specs from /home/aamir/Projects/thermostat/build/bootloader/specs/picolibc.specs]
  ignore line: [rename spec link to picolibc_link]
  ignore line: [rename spec link_libgcc to picolibc_link_libgcc]
  ignore line: [rename spec cpp to picolibc_cpp]
  ignore line: [rename spec cc1 to picolibc_cc1]
  ignore line: [rename spec cc1plus to picolibc_cc1plus]
  ignore line: [COLLECT_GCC=/home/aamir/.espressif/tools/xtensa-esp-elf/esp-15.2.0_20251204/xtensa-esp-elf/bin/xtensa-esp-elf-g++]
  ignore line: [COLLECT_LTO_WRAPPER=/home/aamir/.espressif/tools/xtensa-esp-elf/esp-15.2.0_20251204/xtensa-esp-elf/bin/../libexec/gcc/xtensa-esp-elf/15.2.0/lto-wrapper]
  ignore line: [Target: xtensa-esp-elf]
  ignore line: [Configured with: /builds/idf/crosstool-NG/.build/xtensa-esp-elf/src/gcc/configure --build=x86_64-build_pc-linux-gnu --host=x86_64-build_pc-linux-gnu --target=xtensa-esp-elf --prefix=/builds/idf/crosstool-NG/builds/xtensa-esp-elf --exec_prefix=/builds/idf/crosstool-NG/builds/xtensa-esp-elf --with-local-prefix=/builds/idf/crosstool-NG/builds/xtensa-esp-elf/xtensa-esp-elf --with-sysroot=/builds/idf/crosstool-NG/builds/xtensa-esp-elf/xtensa-esp-elf --with-native-system-header-dir=/include --with-headers=/builds/idf/crosstool-NG/builds/xtensa-esp-elf/xtensa-esp-elf/include --with-newlib --enable-threads=no --disable-shared --with-pkgversion='crosstool-NG esp-15.2.0_20251204' --disable-__cxa_atexit --enable-cxx-flags='-ffunction-sections -fdata-sections' --disable-libgomp --disable-libmudflap --disable-libmpx --disable-libssp --disable-libquadmath --disable-libquadmath-support --disable-libstdcxx-verbose --with-gmp=/builds/idf/crosstool-NG/.build/xtensa-esp-elf/buildtools --with-mpfr=/builds/idf/crosstool-NG/.build/xtensa-esp-elf/buildtools --with-mpc=/builds/idf/crosstool-NG/.build/xtensa-esp-elf/buildtools --with-isl=/builds/idf/crosstool-NG/.build/xtensa-esp-elf/buildtools --enable-lto --enable-target-optspace --without-long-double-128 --enable-plugin --disable-nls --enable-multiarch --enable-languages=c c++ --disable-libstdcxx-verbose --enable-threads=posix --enable-libstdcxx-time=yes --disable-win32-utf8-manifest]
  ignore line: [Thread model: posix]
  ignore line: [Supported LTO compression algorithms: zlib zstd]
  ignore line: [gcc version 15.2.0 (crosstool-NG esp-15.2.0_20251204) ]
  ignore line: [COMPILER_PATH=/home/aamir/.espressif/tools/xtensa-esp-elf/esp-15.2.0_20251204/xtensa-esp-elf/bin/../libexec/gcc/xtensa-esp-elf/15.2.0/:/home/aamir/.espressif/tools/xtensa-esp-elf/esp-15.2.0_20251204/xtensa-esp-elf/bin/../libexec/gcc/:/home/aamir/.espressif/tools/xtensa-esp-elf/esp-15.2.0_20251204/xtensa-esp-elf/bin/../lib/gcc/xtensa-esp-elf/15.2.0/../../../../xtensa-esp-elf/bin/]
  ignore line: [LIBRARY_PATH=/home/aamir/.espressif/tools/xtensa-esp-elf/esp-15.2.0_20251204/xtensa-esp-elf/bin/../lib/gcc/xtensa-esp-elf/15.2.0/esp32/no-rtti/:/home/aamir/.espressif/tools/xtensa-esp-elf/esp-15.2.0_20251204/xtensa-esp-elf/bin/../lib/gcc/xtensa-esp-elf/15.2.0/../../../../xtensa-esp-elf/lib/esp32/no-rtti/:/home/aamir/.espressif/tools/xtensa-esp-elf/esp-15.2.0_20251204/xtensa-esp-elf/bin/../xtensa-esp-elf/lib/esp32/no-rtti/:/home/aamir/.espressif/tools/xtensa-esp-elf/esp-15.2.0_20251204/xtensa-esp-elf/bin/../lib/gcc/xtensa-esp-elf/15.2.0/:/home/aamir/.espressif/tools/xtensa-esp-elf/esp-15.2.0_20251204/xtensa-esp-elf/bin/../lib/gcc/:/home/aamir/.espressif/tools/xtensa-esp-elf/esp-15.2.0_20251204/xtensa-esp-elf/bin/../lib/gcc/xtensa-esp-elf/15.2.0/../../../../xtensa-esp-elf/lib/:/home/aamir/.espressif/tools/xtensa-esp-elf/esp-15.2.0_20251204/xtensa-esp-elf/bin/../xtensa-esp-elf/lib/:/home/aamir/.espressif/tools/xtensa-esp-elf/esp-15.2.0_20251204/xtensa-esp-elf/bin/../xtensa-esp-elf/usr/lib/]
  ignore line: [COLLECT_GCC_OPTIONS='-mdynconfig=xtensa_esp32.so' '-specs=/home/aamir/Projects/thermostat/build/bootloader/specs/picolibc.specs' '-Wno-frame-address' '-mlongcalls' '-fno-builtin-memcpy' '-fno-builtin-memset' '-fno-builtin-bzero' '-nostartfiles' '-fno-rtti' '-v' '-o' 'cmTC_7edce' '-dumpdir' 'cmTC_7edce.']
  link line: [ /home/aamir/.espressif/tools/xtensa-esp-elf/esp-15.2.0_20251204/xtensa-esp-elf/bin/../libexec/gcc/xtensa-esp-elf/15.2.0/collect2 -plugin /home/aamir/.espressif/tools/xtensa-esp-elf/esp-15.2.0_20251204/xtensa-esp-elf/bin/../libexec/gcc/xtensa-esp-elf/15.2.0/liblto_plugin.so -plugin-opt=/home/aamir/.espressif/tools/xtensa-esp-elf/esp-15.2.0_20251204/xtensa-esp-elf/bin/../libexec/gcc/xtensa-esp-elf/15.2.0/lto-wrapper -plugin-opt=-fresolution=/tmp/cc1SpA0R.res -plugin-opt=-pass-through=-lgcc -plugin-opt=-pass-through=-lgcc -plugin-opt=-pass-through=-lc -plugin-opt=-pass-through=-lgcc -L/home/aamir/.espressif/tools/xtensa-esp-elf/esp-15.2.0_20251204/xtensa-esp-elf/bin/../xtensa-esp-elf/../picolibc/xtensa-esp-elf/lib/esp32/no-rtti -L/home/aamir/.espressif/tools/xtensa-esp-elf/esp-15.2.0_20251204/xtensa-esp-elf/bin/../xtensa-esp-elf/../picolibc/xtensa-esp-elf/lib -Tpicolibc.ld --sysroot=/home/aamir/.espressif/tools/xtensa-esp-elf/esp-15.2.0_20251204/xtensa-esp-elf/bin/../xtensa-esp-elf --dynconfig=xtensa_esp32.so -o cmTC_7edce -L/home/aamir/.espressif/tools/xtensa-esp-elf/esp-15.2.0_20251204/xtensa-esp-elf/bin/../xtensa-esp-elf/../picolibc/lib/gcc/xtensa-esp-elf/15.2.0/esp32/no-rtti -L/home/aamir/.espressif/tools/xtensa-esp-elf/esp-15.2.0_20251204/xtensa-esp-elf/bin/../xtensa-esp-elf/../picolibc/lib/gcc/xtensa-esp-elf/15.2.0 -L/home/aamir/.espressif/tools/xtensa-esp-elf/esp-15.2.0_20251204/xtensa-esp-elf/bin/../lib/gcc/xtensa-esp-elf/15.2.0/esp32/no-rtti -L/home/aamir/.espressif/tools/xtensa-esp-elf/esp-15.2.0_20251204/xtensa-esp-elf/bin/../lib/gcc/xtensa-esp-elf/15.2.0/../../../../xtensa-esp-elf/lib/esp32/no-rtti -L/home/aamir/.espressif/tools/xtensa-esp-elf/esp-15.2.0_20251204/xtensa-esp-elf/bin/../xtensa-esp-elf/lib/esp32/no-rtti -L/home/aamir/.espressif/tools/xtensa-esp-elf/esp-15.2.0_20251204/xtensa-esp-elf/bin/../lib/gcc/xtensa-esp-elf/15.2.0 -L/home/aamir/.espressif/tools/xtensa-esp-elf/esp-15.2.0_20251204/xtensa-esp-elf/bin/../lib/gcc -L/home/aamir/.espressif/tools/xtensa-esp-elf/esp-15.2.0_20251204/xtensa-esp-elf/bin/../lib/gcc/xtensa-esp-elf/15.2.0/../../../../xtensa-esp-elf/lib -L/home/aamir/.espressif/tools/xtensa-esp-elf/esp-15.2.0_20251204/xtensa-esp-elf/bin/../xtensa-esp-elf/lib -L/home/aamir/.espressif/tools/xtensa-esp-elf/esp-15.2.0_20251204/xtensa-esp-elf/bin/../xtensa-esp-elf/usr/lib @/tmp/cc0Glq8b -lgcc --start-group -lgcc -lc --end-group -lgcc]
    arg [/home/aamir/.espressif/tools/xtensa-esp-elf/esp-15.2.0_20251204/xtensa-esp-elf/bin/../libexec/gcc/xtensa-esp-elf/15.2.0/collect2] ==> ignore
    arg [-plugin] ==> ignore
    arg [/home/aamir/.espressif/tools/xtensa-esp-elf/esp-15.2.0_20251204/xtensa-esp-elf/bin/../libexec/gcc/xtensa-esp-elf/15.2.0/liblto_plugin.so] ==> ignore
    arg [-plugin-opt=/home/aamir/.espressif/tools/xtensa-esp-elf/esp-15.2.0_20251204/xtensa-esp-elf/bin/../libexec/gcc/xtensa-esp-elf/15.2.0/lto-wrapper] ==> ignore
    arg [-plugin-opt=-fresolution=/tmp/cc1SpA0R.res] ==> ignore
    arg [-plugin-opt=-pass-through=-lgcc] ==> ignore
    arg [-plugin-opt=-pass-through=-lgcc] ==> ignore
    arg [-plugin-opt=-pass-through=-lc] ==> ignore
    arg [-plugin-opt=-pass-through=-lgcc] ==> ignore
    arg [-L/home/aamir/.espressif/tools/xtensa-esp-elf/esp-15.2.0_20251204/xtensa-esp-elf/bin/../xtensa-esp-elf/../picolibc/xtensa-esp-elf/lib/esp32/no-rtti] ==> dir [/home/aamir/.espressif/tools/xtensa-esp-elf/esp-15.2.0_20251204/xtensa-esp-elf/bin/../xtensa-esp-elf/../picolibc/xtensa-esp-elf/lib/esp32/no-rtti]
    arg [-L/home/aamir/.espressif/tools/xtensa-esp-elf/esp-15.2.0_20251204/xtensa-esp-elf/bin/../xtensa-esp-elf/../picolibc/xtensa-esp-elf/lib] ==> dir [/home/aamir/.espressif/tools/xtensa-esp-elf/esp-15.2.0_20251204/xtensa-esp-elf/bin/../xtensa-esp-elf/../picolibc/xtensa-esp-elf/lib]
    arg [-Tpicolibc.ld] ==> ignore
    arg [--sysroot=/home/aamir/.espressif/tools/xtensa-esp-elf/esp-15.2.0_20251204/xtensa-esp-elf/bin/../xtensa-esp-elf] ==> ignore
    arg [--dynconfig=xtensa_esp32.so] ==> ignore
    arg [-o] ==> ignore
    arg [cmTC_7edce] ==> ignore
    arg [-L/home/aamir/.espressif/tools/xtensa-esp-elf/esp-15.2.0_20251204/xtensa-esp-elf/bin/../xtensa-esp-elf/../picolibc/lib/gcc/xtensa-esp-elf/15.2.0/esp32/no-rtti] ==> dir [/home/aamir/.espressif/tools/xtensa-esp-elf/esp-15.2.0_20251204/xtensa-esp-elf/bin/../xtensa-esp-elf/../picolibc/lib/gcc/xtensa-esp-elf/15.2.0/esp32/no-rtti]
    arg [-L/home/aamir/.espressif/tools/xtensa-esp-elf/esp-15.2.0_20251204/xtensa-esp-elf/bin/../xtensa-esp-elf/../picolibc/lib/gcc/xtensa-esp-elf/15.2.0] ==> dir [/home/aamir/.espressif/tools/xtensa-esp-elf/esp-15.2.0_20251204/xtensa-esp-elf/bin/../xtensa-esp-elf/../picolibc/lib/gcc/xtensa-esp-elf/15.2.0]
    arg [-L/home/aamir/.espressif/tools/xtensa-esp-elf/esp-15.2.0_20251204/xtensa-esp-elf/bin/../lib/gcc/xtensa-esp-elf/15.2.0/esp32/no-rtti] ==> dir [/home/aamir/.espressif/tools/xtensa-esp-elf/esp-15.2.0_20251204/xtensa-esp-elf/bin/../lib/gcc/xtensa-esp-elf/15.2.0/esp32/no-rtti]
    arg [-L/home/aamir/.espressif/tools/xtensa-esp-elf/esp-15.2.0_20251204/xtensa-esp-elf/bin/../lib/gcc/xtensa-esp-elf/15.2.0/../../../../xtensa-esp-elf/lib/esp32/no-rtti] ==> dir [/home/aamir/.espressif/tools/xtensa-esp-elf/esp-15.2.0_20251204/xtensa-esp-elf/bin/../lib/gcc/xtensa-esp-elf/15.2.0/../../../../xtensa-esp-elf/lib/esp32/no-rtti]
    arg [-L/home/aamir/.espressif/tools/xtensa-esp-elf/esp-15.2.0_20251204/xtensa-esp-elf/bin/../xtensa-esp-elf/lib/esp32/no-rtti] ==> dir [/home/aamir/.espressif/tools/xtensa-esp-elf/esp-15.2.0_20251204/xtensa-esp-elf/bin/../xtensa-esp-elf/lib/esp32/no-rtti]
    arg [-L/home/aamir/.espressif/tools/xtensa-esp-elf/esp-15.2.0_20251204/xtensa-esp-elf/bin/../lib/gcc/xtensa-esp-elf/15.2.0] ==> dir [/home/aamir/.espressif/tools/xtensa-esp-elf/esp-15.2.0_20251204/xtensa-esp-elf/bin/../lib/gcc/xtensa-esp-elf/15.2.0]
    arg [-L/home/aamir/.espressif/tools/xtensa-esp-elf/esp-15.2.0_20251204/xtensa-esp-elf/bin/../lib/gcc] ==> dir [/home/aamir/.espressif/tools/xtensa-esp-elf/esp-15.2.0_20251204/xtensa-esp-elf/bin/../lib/gcc]
    arg [-L/home/aamir/.espressif/tools/xtensa-esp-elf/esp-15.2.0_20251204/xtensa-esp-elf/bin/../lib/gcc/xtensa-esp-elf/15.2.0/../../../../xtensa-esp-elf/lib] ==> dir [/home/aamir/.espressif/tools/xtensa-esp-elf/esp-15.2.0_20251204/xtensa-esp-elf/bin/../lib/gcc/xtensa-esp-elf/15.2.0/../../../../xtensa-esp-elf/lib]
    arg [-L/home/aamir/.espressif/tools/xtensa-esp-elf/esp-15.2.0_20251204/xtensa-esp-elf/bin/../xtensa-esp-elf/lib] ==> dir [/home/aamir/.espressif/tools/xtensa-esp-elf/esp-15.2.0_20251204/xtensa-esp-elf/bin/../xtensa-esp-elf/lib]
    arg [-L/home/aamir/.espressif/tools/xtensa-esp-elf/esp-15.2.0_20251204/xtensa-esp-elf/bin/../xtensa-esp-elf/usr/lib] ==> dir [/home/aamir/.espressif/tools/xtensa-esp-elf/esp-15.2.0_20251204/xtensa-esp-elf/bin/../xtensa-esp-elf/usr/lib]
    arg [@/tmp/cc0Glq8b] ==> ignore
    arg [-lgcc] ==> lib [gcc]
    arg [--start-group] ==> ignore
    arg [-lgcc] ==> lib [gcc]
    arg [-lc] ==> lib [c]
    arg [--end-group] ==> ignore
    arg [-lgcc] ==> lib [gcc]
  collapse library dir [/home/aamir/.espressif/tools/xtensa-esp-elf/esp-15.2.0_20251204/xtensa-esp-elf/bin/../xtensa-esp-elf/../picolibc/xtensa-esp-elf/lib/esp32/no-rtti] ==> [/home/aamir/.espressif/tools/xtensa-esp-elf/esp-15.2.0_20251204/xtensa-esp-elf/picolibc/xtensa-esp-elf/lib/esp32/no-rtti]
  collapse library dir [/home/aamir/.espressif/tools/xtensa-esp-elf/esp-15.2.0_20251204/xtensa-esp-elf/bin/../xtensa-esp-elf/../picolibc/xtensa-esp-elf/lib] ==> [/home/aamir/.espressif/tools/xtensa-esp-elf/esp-15.2.0_20251204/xtensa-esp-elf/picolibc/xtensa-esp-elf/lib]
  collapse library dir [/home/aamir/.espressif/tools/xtensa-esp-elf/esp-15.2.0_20251204/xtensa-esp-elf/bin/../xtensa-esp-elf/../picolibc/lib/gcc/xtensa-esp-elf/15.2.0/esp32/no-rtti] ==> [/home/aamir/.espressif/tools/xtensa-esp-elf/esp-15.2.0_20251204/xtensa-esp-elf/picolibc/lib/gcc/xtensa-esp-elf/15.2.0/esp32/no-rtti]
  collapse library dir [/home/aamir/.espressif/tools/xtensa-esp-elf/esp-15.2.0_20251204/xtensa-esp-elf/bin/../xtensa-esp-elf/../picolibc/lib/gcc/xtensa-esp-elf/15.2.0] ==> [/home/aamir/.espressif/tools/xtensa-esp-elf/esp-15.2.0_20251204/xtensa-esp-elf/picolibc/lib/gcc/xtensa-esp-elf/15.2.0]
  collapse library dir [/home/aamir/.espressif/tools/xtensa-esp-elf/esp-15.2.0_20251204/xtensa-esp-elf/bin/../lib/gcc/xtensa-esp-elf/15.2.0/esp32/no-rtti] ==> [/home/aamir/.espressif/tools/xtensa-esp-elf/esp-15.2.0_20251204/xtensa-esp-elf/lib/gcc/xtensa-esp-elf/15.2.0/esp32/no-rtti]
  collapse library dir [/home/aamir/.espressif/tools/xtensa-esp-elf/esp-15.2.0_20251204/xtensa-esp-elf/bin/../lib/gcc/xtensa-esp-elf/15.2.0/../../../../xtensa-esp-elf/lib/esp32/no-rtti] ==> [/home/aamir/.espressif/tools/xtensa-esp-elf/esp-15.2.0_20251204/xtensa-esp-elf/xtensa-esp-elf/lib/esp32/no-rtti]
  collapse library dir [/home/aamir/.espressif/tools/xtensa-esp-elf/esp-15.2.0_20251204/xtensa-esp-elf/bin/../xtensa-esp-elf/lib/esp32/no-rtti] ==> [/home/aamir/.espressif/tools/xtensa-esp-elf/esp-15.2.0_20251204/xtensa-esp-elf/xtensa-esp-elf/lib/esp32/no-rtti]
  collapse library dir [/home/aamir/.espressif/tools/xtensa-esp-elf/esp-15.2.0_20251204/xtensa-esp-elf/bin/../lib/gcc/xtensa-esp-elf/15.2.0] ==> [/home/aamir/.espressif/tools/xtensa-esp-elf/esp-15.2.0_20251204/xtensa-esp-elf/lib/gcc/xtensa-esp-elf/15.2.0]
  collapse library dir [/home/aamir/.espressif/tools/xtensa-esp-elf/esp-15.2.0_20251204/xtensa-esp-elf/bin/../lib/gcc] ==> [/home/aamir/.espressif/tools/xtensa-esp-elf/esp-15.2.0_20251204/xtensa-esp-elf/lib/gcc]
  collapse library dir [/home/aamir/.espressif/tools/xtensa-esp-elf/esp-15.2.0_20251204/xtensa-esp-elf/bin/../lib/gcc/xtensa-esp-elf/15.2.0/../../../../xtensa-esp-elf/lib] ==> [/home/aamir/.espressif/tools/xtensa-esp-elf/esp-15.2.0_20251204/xtensa-esp-elf/xtensa-esp-elf/lib]
  collapse library dir [/home/aamir/.espressif/tools/xtensa-esp-elf/esp-15.2.0_20251204/xtensa-esp-elf/bin/../xtensa-esp-elf/lib] ==> [/home/aamir/.espressif/tools/xtensa-esp-elf/esp-15.2.0_20251204/xtensa-esp-elf/xtensa-esp-elf/lib]
  collapse library dir [/home/aamir/.espressif/tools/xtensa-esp-elf/esp-15.2.0_20251204/xtensa-esp-elf/bin/../xtensa-esp-elf/usr/lib] ==> [/home/aamir/.espressif/tools/xtensa-esp-elf/esp-15.2.0_20251204/xtensa-esp-elf/xtensa-esp-elf/usr/lib]
  implicit libs: [gcc;gcc;c;gcc]
  implicit objs: []
  implicit dirs: [/home/aamir/.espressif/tools/xtensa-esp-elf/esp-15.2.0_20251204/xtensa-esp-elf/picolibc/xtensa-esp-elf/lib/esp32/no-rtti;/home/aamir/.espressif/tools/xtensa-esp-elf/esp-15.2.0_20251204/xtensa-esp-elf/picolibc/xtensa-esp-elf/lib;/home/aamir/.espressif/tools/xtensa-esp-elf/esp-15.2.0_20251204/xtensa-esp-elf/picolibc/lib/gcc/xtensa-esp-elf/15.2.0/esp32/no-rtti;/home/aamir/.espressif/tools/xtensa-esp-elf/esp-15.2.0_20251204/xtensa-esp-elf/picolibc/lib/gcc/xtensa-esp-elf/15.2.0;/home/aamir/.espressif/tools/xtensa-esp-elf/esp-15.2.0_20251204/xtensa-esp-elf/lib/gcc/xtensa-esp-elf/15.2.0/esp32/no-rtti;/home/aamir/.espressif/tools/xtensa-esp-elf/esp-15.2.0_20251204/xtensa-esp-elf/xtensa-esp-elf/lib/esp32/no-rtti;/home/aamir/.espressif/tools/xtensa-esp-elf/esp-15.2.0_20251204/xtensa-esp-elf/lib/gcc/xtensa-esp-elf/15.2.0;/home/aamir/.espressif/tools/xtensa-esp-elf/esp-15.2.0_20251204/xtensa-esp-elf/lib/gcc;/home/aamir/.espressif/tools/xtensa-esp-elf/esp-15.2.0_20251204/xtensa-esp-elf/xtensa-esp-elf/lib;/home/aamir/.espressif/tools/xtensa-esp-elf/esp-15.2.0_20251204/xtensa-esp-elf/xtensa-esp-elf/usr/lib]
  implicit fwks: []


